problem,kind,seed,method,rel_l2,ssim,peak_err_cm,power_err,chi2_red,time,lam,coverage68,coverage95,gp_sigma_f,gp_ell,gp_mean,gp_nll
peaked,phantom,0,tikhonov_gcv,0.260954782449917,0.7810865403186174,0.0,0.011532726562066692,0.007137972573574984,0.010829666978679597,3.867415610621012,,,,,,
peaked,phantom,0,tikhonov_tuned,0.26285061277063937,0.7851298419921631,0.0,0.00938632954163071,0.08048518571988028,0.009902041987515986,18.30224878785506,,,,,,
peaked,phantom,0,mfi,0.19957867283772757,0.8356677538162129,0.0,0.061125157154214606,0.34874475836406066,0.05465499998535961,122.30547408682844,,,,,,
peaked,phantom,0,gp,0.22603047590035477,0.739057013520445,3.125,0.07728308791019595,1.028486881305394,0.7910459159757011,,0.27667493796526055,0.5421836228287841,0.3027919779646695,0.28378426029928033,0.015655815832174617,-184.5187420221448
hollow,phantom,0,tikhonov_gcv,0.6489084957400557,0.3505445378357762,57.02589872154581,0.16337802656341877,0.049885881538549545,0.010075290978420526,4.300366643038214,,,,,,
hollow,phantom,0,tikhonov_tuned,0.6494500872141437,0.3453000807309049,57.02589872154581,0.16290966526713363,0.12481075491631041,0.010026458010543138,8.108840014412467,,,,,,
hollow,phantom,0,mfi,0.8073811065081856,0.20715987081010778,57.02589872154581,0.21348755809497288,0.3403599962767563,0.05322429200168699,43.00689548269305,,,,,,
hollow,phantom,0,gp,0.5396001071548677,0.5042145119988842,53.49138365194903,0.11031262022121056,0.7932501119849213,0.7965600419556722,,0.45533498759305213,0.7084367245657568,0.37077855461075787,0.12747175172943198,0.2751095080881592,-133.60843222555815
blob,phantom,0,tikhonov_gcv,0.7836488483219979,0.17831377190443914,3.125,0.16312352056903526,0.0038602137652336463,0.009455040970351547,9.361114177251793,,,,,,
blob,phantom,0,tikhonov_tuned,0.7762835211840593,0.1878665607913494,3.125,0.1753971321198301,0.08220991368583154,0.00931350002065301,55.117762570854445,,,,,,
blob,phantom,0,mfi,0.4100600939268541,0.673051841978945,3.125,0.12278514919144656,0.37556774982919516,0.05065975000616163,637.7780304256025,,,,,,
blob,phantom,0,gp,0.7984670548706336,0.16139751721561474,4.419417382415922,0.11016288456009234,0.6668745181881603,0.7553253750083968,,0.5806451612903226,0.869727047146402,0.12082029677494302,0.09289236563030148,0.042062321623762396,-211.65335221958162
edge,phantom,0,tikhonov_gcv,0.6040032094704567,0.37602907198338786,20.00976324197765,0.03459282771606111,0.4959453248590364,0.009758416970726103,15.648607628772128,,,,,,
edge,phantom,0,tikhonov_tuned,0.610510386178361,0.3750792958250972,20.00976324197765,0.03604495379563244,0.13982598044413888,0.009734415973071009,5.264899766903282,,,,,,
edge,phantom,0,mfi,0.6196719490366323,0.45775297679170907,89.54092988684002,0.07376712937588682,0.1950450413627056,0.0540912919677794,22.96938898348441,,,,,,
edge,phantom,0,gp,0.653353712566929,0.33961888491939235,20.00976324197765,0.014153025947091833,0.4573009683264418,0.8228674160200171,,0.6662531017369727,0.890818858560794,0.41622368138636096,0.07402609470089416,0.2782354947103806,-117.812042516375
random000,random,1000,tikhonov_gcv,0.27247105240508157,0.7658519171869104,93.75,0.05436310046244722,0.03974788310054705,0.009577707969583571,13.766923400825794,,,,,,
random000,random,1000,tikhonov_tuned,0.27569149353412775,0.7710552127615806,3.125,0.05898602397617614,0.1672653203998643,0.00938150001456961,40.659255012765215,,,,,,
random000,random,1000,mfi,0.2797813679899656,0.7711201418751137,93.75,0.023720345841261523,1.033250378942968e-05,0.041866666986607015,0.2020729593476632,,,,,,
random000,random,1000,gp,0.2783890335936542,0.7793504552894109,93.75,0.0015441247546056618,0.6678563034264963,0.8238245830289088,,0.7729528535980149,0.9516129032258065,0.1703990051825376,0.13267266238775643,0.22307342626588336,-187.82703529003476
random001,random,1001,tikhonov_gcv,0.4643393365485429,0.6178227085986853,16.828640022295325,0.017602892270828622,0.38063407186053877,0.009465834009461105,161.3543020915238,,,,,,
random001,random,1001,tikhonov_tuned,0.4611450178224848,0.6204465672540237,16.828640022295325,0.009299954869962343,0.20159555552871133,0.00939645798644051,83.55198890955582,,,,,,
random001,random,1001,mfi,0.43964746246543984,0.7069060436591053,16.828640022295325,0.0043151247466339734,0.30584609011102376,0.05165600002510473,236.83812715722857,,,,,,
random001,random,1001,gp,0.40777384529850524,0.6713211475496252,3.125,0.007010654335250786,0.6924261643063522,0.8016478749923408,,0.6488833746898263,0.8635235732009926,0.11811568835736175,0.1265571640498384,0.14219915915673448,-214.93282599240405
random002,random,1002,tikhonov_gcv,0.29240139820823313,0.7495973612715466,3.125,0.0018577859913915461,0.12053639976727021,0.009504875051788986,20.156469666403115,,,,,,
random002,random,1002,tikhonov_tuned,0.29284812809286587,0.749409453439808,3.125,0.001478130046541577,0.13538454704033576,0.009737457963638008,22.18524617747849,,,,,,
random002,random,1002,mfi,0.19290179516600556,0.8392368053976575,0.0,0.037906732819891716,1.0198309073416196e-05,0.053247708012349904,0.1373266328913519,,,,,,
random002,random,1002,gp,0.23842750581835548,0.8273709246786916,8.838834764831844,0.030000687040723548,0.7310241944649827,0.7644322090200149,,0.7084367245657568,0.9689826302729528,0.19967912333771606,0.13811378130131555,0.17736401203794824,-174.12079331779358
random003,random,1003,tikhonov_gcv,0.23845442560457616,0.6742273828656496,31.25,0.01626401321086665,0.24949483128946318,0.009450040990486741,27.457272079368845,,,,,,
random003,random,1003,tikhonov_tuned,0.23780379442019361,0.6744215285322013,31.25,0.01836208166968398,0.17838650106429196,0.00984333298401907,18.888841049616413,,,,,,
random003,random,1003,mfi,0.23229588461673725,0.7002891339438063,31.40586131600278,0.01514289696317776,0.14489451242704077,0.04442387499148026,18.706454679994753,,,,,,
random003,random,1003,gp,0.2015988708601524,0.7691061093019211,31.8688719599549,0.013549245527066727,0.6668931146107793,0.7985126660205424,,0.5248138957816377,0.8771712158808933,0.2535985175517776,0.17682498242306816,0.37701729488137103,-159.66084671878957
random004,random,1004,tikhonov_gcv,0.2523513306319466,0.7301057794533539,3.125,0.002404953578812559,0.10026096282786348,0.009576041949912906,25.270297725500647,,,,,,
random004,random,1004,tikhonov_tuned,0.2532131154308528,0.7354370696906627,3.125,0.0028145228811736825,0.1625148383156317,0.009464374976232648,37.730136285405564,,,,,,
random004,random,1004,mfi,0.2544584772221783,0.740964106549145,3.125,0.021209283838423916,0.0015420053128440405,0.051579958002548665,2.5270874366846607,,,,,,
random004,random,1004,gp,0.20516780689328823,0.7406682627066884,0.0,0.012345829707650574,0.6465920795264049,0.8097372500342317,,0.7878411910669976,0.9789081885856079,0.1859449615062149,0.14535662202372407,0.18778594230561685,-186.5965347586527
random005,random,1005,tikhonov_gcv,0.3925483809429828,0.5036266486845813,49.41058844013092,0.029288202933902455,0.03957961139893492,0.009125166980084032,12.436099648345953,,,,,,
random005,random,1005,tikhonov_tuned,0.3940640459302145,0.5005428716756922,49.41058844013092,0.03352359771615564,0.14996351409552516,0.00945237500127405,35.222591775935996,,,,,,
random005,random,1005,mfi,0.374927440834031,0.5498894443567901,49.41058844013092,0.005687585126189985,0.026329725448160087,0.050589833001140505,12.436276412985462,,,,,,
random005,random,1005,gp,0.3597702800789897,0.5915165016997425,47.80330793993236,0.015454007208627779,0.498258797241361,0.7558004159945995,,0.5099255583126551,0.8535980148883374,0.16649335168157658,0.11651225460157942,0.2833956617271573,-180.86246286037726
random006,random,1006,tikhonov_gcv,0.282029979751537,0.632452806485953,6.987712429686843,0.03248729175552489,0.23169633618376556,0.00927291699917987,28.74062618949406,,,,,,
random006,random,1006,tikhonov_tuned,0.2841685454475512,0.6287428303297506,6.987712429686843,0.03306482720177534,0.2901736998532314,0.010055791994091123,36.41071072952863,,,,,,
random006,random,1006,mfi,0.28638083786637186,0.6382716338310325,6.987712429686843,0.04385527360034761,0.06905474905821166,0.04457283398369327,13.340201609939262,,,,,,
random006,random,1006,gp,0.21476266374168557,0.7599829024948788,3.125,0.022598528095323454,0.6256667264603224,0.934856417006813,,0.749379652605459,0.9739454094292804,0.17354119893748754,0.11734072585879164,0.31429549722313604,-168.9374576849944
random007,random,1007,tikhonov_gcv,0.22440366793630226,0.7989046113560854,6.987712429686843,0.006846379160336755,0.12787342012218458,0.009678125032223761,17.752183340488493,,,,,,
random007,random,1007,tikhonov_tuned,0.2249640152534356,0.8021917175955666,6.987712429686843,0.006129917319861898,0.19223712550677,0.009320207987912,25.23152186023105,,,,,,
random007,random,1007,mfi,0.2212343152302303,0.8045010704689443,6.987712429686843,0.028409638860588716,0.13903556444000906,0.04580329096643254,26.05683939839421,,,,,,
random007,random,1007,gp,0.20024972813037362,0.8109797476196633,0.0,0.019333770786670586,0.6703385533723342,0.7348339580348693,,0.8957816377171216,0.9975186104218362,0.2013612357522987,0.11583232203215242,0.2395662435977249,-167.09851638197068
random008,random,1008,tikhonov_gcv,0.18955347185936652,0.8265105604264864,0.0,0.013063405407573975,0.18577503954780544,0.008969832968432456,24.987873450553366,,,,,,
random008,random,1008,tikhonov_tuned,0.1898735940479907,0.8266613078937992,0.0,0.013091063773070457,0.2000714306729633,0.009106374986004084,26.835139854838033,,,,,,
random008,random,1008,mfi,0.18781048896190405,0.8343359852763111,0.0,0.0011258617437812028,0.292494135000144,0.04158025002107024,53.83485914984811,,,,,,
random008,random,1008,gp,0.18947299713039858,0.8694743110445926,3.125,0.027800656642620398,0.6858839731516099,0.8561060419888236,,0.826302729528536,0.9776674937965261,0.21317833853535942,0.1369452972763934,0.28875890343423705,-169.0347281794359
random009,random,1009,tikhonov_gcv,0.36300334933533734,0.6865086704073947,6.25,0.011927268845412651,0.2510547824579088,0.008905166992917657,79.11361472680514,,,,,,
random009,random,1009,tikhonov_tuned,0.36361479550085374,0.6801178415566846,6.25,0.0060342413169326365,0.11815391583777529,0.009233582997694612,37.494468997619975,,,,,,
random009,random,1009,mfi,0.2895156650891815,0.8185077658203178,6.25,0.011766899312028296,0.2514715698252126,0.04881716700037941,116.12569399690335,,,,,,
random009,random,1009,gp,0.30003322423075746,0.7715744983811799,9.882117688026186,0.005847521193686732,0.8670675461975105,0.7811113329953514,,0.4292803970223325,0.684863523573201,0.18066785161457447,0.21155983462230252,0.12519472382314234,-200.08268576216477
random010,random,1010,tikhonov_gcv,0.4250670120311027,0.5083570818413535,4.419417382415922,0.1244201381301872,0.16797351672262667,0.008848333032801747,38.033523816160034,,,,,,
random010,random,1010,tikhonov_tuned,0.4262130417809258,0.5063802725956223,4.419417382415922,0.12342435096782702,0.24154015053616307,0.009160750021692365,53.81589936886183,,,,,,
random010,random,1010,mfi,0.4007615853928212,0.5441579521739875,4.419417382415922,0.11580407535292842,0.3108818066777207,0.03256133396644145,81.94054043124099,,,,,,
random010,random,1010,gp,0.3745110859524004,0.5966666296933644,84.14320011147663,0.10366818189727055,0.9390649627517083,0.8332431250018999,,0.3511166253101737,0.652605459057072,0.16885971067859465,0.1725507565361729,0.2739265542177792,-184.94660408570002
random011,random,1011,tikhonov_gcv,0.3053785219354346,0.6173127127408468,3.125,0.06450415249422434,6.262011789843562e-06,0.009387125028297305,0.10404732252096106,,,,,,
random011,random,1011,tikhonov_tuned,0.31104490323685485,0.6171234909581287,3.125,0.057647824832170756,0.10277348924704127,0.009646708029322326,25.341644833683613,,,,,,
random011,random,1011,mfi,0.23679553535889017,0.7515264193305035,4.419417382415922,0.03850332679034685,0.044187331593163674,0.05536733299959451,15.272119279612989,,,,,,
random011,random,1011,gp,0.2557217864924417,0.7038649407625571,4.419417382415922,0.08335463532413645,0.49748754192169226,0.8040971250156872,,0.41687344913151364,0.7990074441687345,0.24098481690894183,0.18872409436189735,0.2854600045554583,-183.54197952893344
random012,random,1012,tikhonov_gcv,0.3187627085135393,0.6606557823177072,4.419417382415922,0.09740608787264404,0.5630516167045398,0.00952937500551343,60.227830088203376,,,,,,
random012,random,1012,tikhonov_tuned,0.3173604659816894,0.6653039906376457,4.419417382415922,0.09932245889042572,0.26644616543428323,0.010015124978963286,20.33094699782526,,,,,,
random012,random,1012,mfi,0.31953738801073384,0.6770025053492749,4.419417382415922,0.10960074106223464,0.46827928821516884,0.04262079094769433,60.22841785399691,,,,,,
random012,random,1012,gp,0.3127177835846639,0.68353308745618,6.25,0.10047246018205115,0.785221659914633,0.8975235410034657,,0.38337468982630274,0.7369727047146402,0.19508595737570913,0.15384822323150865,0.34945922195351486,-158.3314532398809
random013,random,1013,tikhonov_gcv,0.2363340145008472,0.7387552601728874,6.25,0.056041876501635224,0.12686777322334114,0.0099725840264,16.299386210136408,,,,,,
random013,random,1013,tikhonov_tuned,0.23607494983606958,0.7383969504092764,6.25,0.05557771609731203,0.11707664213402981,0.010123291984200478,15.229041828641497,,,,,,
random013,random,1013,mfi,0.2143309651605176,0.7961450843785715,6.25,0.04308630750779463,0.1364449643579088,0.059775666042696685,23.924226198139866,,,,,,
random013,random,1013,gp,0.216422404067195,0.797727945456899,3.125,0.0035873461515514896,0.468194798168907,0.9114793330081739,,0.8821339950372209,0.9975186104218362,0.2535932267748835,0.11184861683133823,0.3041176808774262,-164.02743234722902
random014,random,1014,tikhonov_gcv,0.36943913056542926,0.6486349807118825,22.09708691207961,0.004824690447343906,0.18369949210000733,0.009387374971993268,42.4999543096605,,,,,,
random014,random,1014,tikhonov_tuned,0.36957424574921416,0.6480518215772267,22.09708691207961,0.0021003935059035546,0.13557324366478912,0.009875374962575734,31.913897107161162,,,,,,
random014,random,1014,mfi,0.297232037486887,0.8186839546297437,22.09708691207961,0.006090406834670985,0.2302404424261404,0.05765425000572577,91.56606507041084,,,,,,
random014,random,1014,gp,0.2572994248884172,0.780989372181223,6.987712429686843,0.005564009181166457,0.5959161068286699,0.9712426670012064,,0.6451612903225806,0.8858560794044665,0.21126226632005993,0.16980408863558344,0.1793842360980566,-190.94660623618262
random015,random,1015,tikhonov_gcv,0.3856492873891492,0.54122464209318,6.987712429686843,0.06285453911296739,0.28767973779205164,0.00897629198152572,58.73034138080572,,,,,,
random015,random,1015,tikhonov_tuned,0.3837334355211965,0.5431652112683405,3.125,0.06251194861454162,0.18284656806738273,0.009155624953564256,35.586129546228214,,,,,,
random015,random,1015,mfi,0.35926469361580765,0.5953192159963094,3.125,0.06095097782705614,0.33277308494870156,0.04155133303720504,86.20518057528363,,,,,,
random015,random,1015,gp,0.31534005029544165,0.6733672578927019,4.419417382415922,0.02758948524986671,0.6283024955856,0.7635437090066262,,0.48635235732009924,0.7593052109181141,0.16870054294374748,0.15874500340009917,0.20373143898254742,-186.6033880195286
random016,random,1016,tikhonov_gcv,0.3370545820897024,0.5817564202252714,12.88470508005519,0.08133429369648776,0.19142140557729126,0.009056792012415826,21.74455058233304,,,,,,
random016,random,1016,tikhonov_tuned,0.33662399631475154,0.5833087085862241,12.88470508005519,0.08070427367428547,0.2275053680806257,0.009353041998110712,26.16913871441731,,,,,,
random016,random,1016,mfi,0.33724976962287123,0.5836224572132891,12.88470508005519,0.06720872868180816,0.2043037967048716,0.04133024998009205,31.91715501365775,,,,,,
random016,random,1016,gp,0.3152701592627461,0.6129232274888153,12.88470508005519,0.03990911983887351,0.5772234440529813,0.7908859579474665,,0.5372208436724566,0.8138957816377171,0.21178137161482144,0.1484197798180702,0.3113447276416165,-165.3740079417566
random017,random,1017,tikhonov_gcv,0.34948961118971833,0.6672777830216309,0.0,0.006742157787833287,0.27400310958025414,0.008869334007613361,37.826056063333795,,,,,,
random017,random,1017,tikhonov_tuned,0.34668395068964963,0.6692455300098736,0.0,0.005590235219439231,0.1933682157731311,0.00924100005067885,25.842689511238547,,,,,,
random017,random,1017,mfi,0.3059977970861674,0.7312473114873754,0.0,0.0004062972321000081,0.2139632598148715,0.04075595800532028,55.52189875651779,,,,,,
random017,random,1017,gp,0.28998816618867596,0.7263372842652949,3.125,0.00826196603234064,0.5056074786470011,0.8176929170149378,,0.6042183622828784,0.9193548387096774,0.1920183556021599,0.1308621957041388,0.2524004166231573,-178.09546584780685
random018,random,1018,tikhonov_gcv,0.2744726278585564,0.7035040450922652,6.25,0.0006322886089376949,0.1762139124795326,0.009157042019069195,21.397973219811053,,,,,,
random018,random,1018,tikhonov_tuned,0.27479558713007035,0.703226024988712,6.25,0.000889950633745318,0.18604909910281212,0.009262625011615455,22.507096292749484,,,,,,
random018,random,1018,mfi,0.27000546220484484,0.7179942549757224,6.25,0.01618101678530851,0.1204639962217297,0.03289650002261624,21.398151383024747,,,,,,
random018,random,1018,gp,0.20635913426530464,0.8270443105321524,3.125,0.018656746900449463,0.6297765681223552,0.9241655829828233,,0.7630272952853598,0.9739454094292804,0.21413367841978734,0.12856265450034157,0.35037560967438347,-166.08722489484535
random019,random,1019,tikhonov_gcv,0.20096143000741876,0.7673439096766133,11.267347735824966,0.033167549910093554,0.1628865076375342,0.009078332979697734,21.678113368692962,,,,,,
random019,random,1019,tikhonov_tuned,0.20065602306375058,0.7704416063709917,11.267347735824966,0.03276548011893531,0.23602979968097923,0.009629292006138712,30.53496141250681,,,,,,
random019,random,1019,mfi,0.1974735264644818,0.7828909317272025,6.25,0.01969351369434856,0.0030829034351455083,0.0432116249576211,2.1678021168487667,,,,,,
random019,random,1019,gp,0.18843956105568435,0.8023239790975808,6.987712429686843,0.021500156362185517,0.7353832023637925,0.8445323329651728,,0.7630272952853598,0.9727047146401985,0.18646046247497042,0.13577525880169755,0.3134788774772321,-170.0725411429072
random020,random,1020,tikhonov_gcv,0.29613234511387954,0.6212930122450019,53.03300858899106,0.05665891441224261,0.15475713462415042,0.008930041978601366,20.196562388325603,,,,,,
random020,random,1020,tikhonov_tuned,0.29595218708066273,0.6217124241995191,53.03300858899106,0.05616789321650591,0.1671218553034603,0.009291665977798402,21.668218364666092,,,,,,
random020,random,1020,mfi,0.28981056373361935,0.6487523792228258,53.03300858899106,0.06870917566135792,0.20227996191516243,0.04126920801354572,29.644697154269682,,,,,,
random020,random,1020,gp,0.2676861123643211,0.6752323205260622,3.125,0.05841362370170339,0.7786493268039979,0.9354469579993747,,0.5818858560794045,0.9255583126550868,0.19686797983442134,0.1290128181734279,0.3211170236600876,-162.36936915725232
random021,random,1021,tikhonov_gcv,0.3369511146898436,0.6525729903735519,3.125,0.015551322688689494,1.165192134362692e-05,0.008953124983236194,0.09795836579064655,,,,,,
random021,random,1021,tikhonov_tuned,0.3471022608563589,0.646302736892908,3.125,0.0109314233344633,0.14849684795847512,0.009548166999593377,19.60058877673563,,,,,,
random021,random,1021,mfi,0.2983215444298976,0.7136679059832766,4.419417382415922,0.006957803896743747,8.171740432215276e-06,0.05699324997840449,0.09795900253241167,,,,,,
random021,random,1021,gp,0.29342767946190146,0.7183808325651021,3.125,0.012096210735712902,0.5792679558836353,0.7128397079650313,,0.6774193548387096,0.9627791563275434,0.21315449658229813,0.10096728961528915,0.3084712657134073,-160.66410594238505
random022,random,1022,tikhonov_gcv,0.23045911631280375,0.8248800616356731,11.267347735824966,0.011859070755269084,0.04953876931776787,0.008909458003472537,12.401977304293684,,,,,,
random022,random,1022,tikhonov_tuned,0.2314046322328835,0.8251515728874269,11.267347735824966,0.008834844681418791,0.1012863425296954,0.009158624976407737,21.405707972277526,,,,,,
random022,random,1022,mfi,0.23301537031737027,0.8563209167167559,11.267347735824966,0.024605903997687417,0.030856468352411626,0.049241291009821,12.40202403981286,,,,,,
random022,random,1022,gp,0.1698341954863791,0.8970638537779783,3.125,0.00013014089218823632,0.5858691716286597,0.7551157499547116,,0.869727047146402,0.9838709677419355,0.23917644577275213,0.16207862196591236,0.26028268200825333,-178.01226647586373
random023,random,1023,tikhonov_gcv,0.39023734155380474,0.6494815950879101,4.419417382415922,0.07567449934268235,0.2679227612230075,0.009031667024828494,52.225533883797006,,,,,,
random023,random,1023,tikhonov_tuned,0.3892252225060845,0.6476828330835076,4.419417382415922,0.07498394477198374,0.22708008474479977,0.00946433300850913,43.26682549137304,,,,,,
random023,random,1023,mfi,0.3491053656284357,0.7307381679009738,3.125,0.051298945192909486,0.3772367837079236,0.04332587501266971,112.51862743544014,,,,,,
random023,random,1023,gp,0.32807276779782524,0.7063342816422159,8.838834764831844,0.03127447611511247,0.7977111603369609,0.738220791972708,,0.5384615384615384,0.7903225806451613,0.1809484906605609,0.18278608220816803,0.16328088964379314,-184.5646978392988
random024,random,1024,tikhonov_gcv,0.45508617693141123,0.50380676415784,4.419417382415922,0.07868322651964758,0.31557179218186865,0.00875741703202948,108.51242470549556,,,,,,
random024,random,1024,tikhonov_tuned,0.45397433897796735,0.49850004031423323,4.419417382415922,0.08304566880412652,0.13011192113349107,0.009339958021882921,45.878238993900325,,,,,,
random024,random,1024,mfi,0.3296633310121323,0.7406640042833912,4.419417382415922,0.030923742473243192,0.5139103364054228,0.048241417040117085,343.165207109169,,,,,,
random024,random,1024,gp,0.4440273574412323,0.4908161882801097,6.25,0.12168630227380499,0.8236062936138829,0.7607746249996126,,0.3759305210918114,0.6327543424317618,0.14797087495721611,0.17529905044580257,0.09146534919134189,-207.76657974837775
random025,random,1025,tikhonov_gcv,0.2796516368697399,0.7310685577822283,56.25,0.0038309988475256143,0.42129713880168534,0.009027249994687736,45.35637119386894,,,,,,
random025,random,1025,tikhonov_tuned,0.27666038102086365,0.7301965869477642,56.25,0.0034237605000248935,0.21932604425117525,0.009959875023923814,22.42360372022719,,,,,,
random025,random,1025,mfi,0.2923325731636327,0.7201562561524371,56.25,0.017265187934571543,0.4320983930364648,0.044786290964111686,66.5744384562189,,,,,,
random025,random,1025,gp,0.21060429690673702,0.8324865610260014,6.25,0.03204471027890322,0.8691546067083988,0.771442958037369,,0.7878411910669976,0.9516129032258065,0.21381053780799195,0.14343637279055557,0.24270904591867146,-160.77056941800288
random026,random,1026,tikhonov_gcv,0.298545838298361,0.7738902838307439,6.987712429686843,0.034132622886841144,0.25305460748508274,0.009246000030543655,29.264137635975736,,,,,,
random026,random,1026,tikhonov_tuned,0.2985048306643037,0.7730762481756541,6.987712429686843,0.03319946812742499,0.23554832219946734,0.009411832957994193,27.132426781658218,,,,,,
random026,random,1026,mfi,0.3011499185527309,0.7682169220044335,4.419417382415922,0.06978137662373218,0.4194801785558343,0.04281441698549315,63.04889027582346,,,,,,
random026,random,1026,gp,0.22617684082915276,0.8760476444735684,3.125,0.0005812786798763535,0.8728142816976736,0.8167282090289518,,0.8349875930521092,0.9429280397022333,0.19964506705941143,0.15290730181149095,0.24435972438299408,-163.63002665701043
random027,random,1027,tikhonov_gcv,0.3488235819616537,0.5691515547812185,6.987712429686843,0.0947002264589871,0.21531064238103628,0.008973749994765967,50.99937505369652,,,,,,
random027,random,1027,tikhonov_tuned,0.3460252431037766,0.5715437963387723,6.987712429686843,0.09304137813969429,0.17297251283297427,0.00959608401171863,41.26772001813781,,,,,,
random027,random,1027,mfi,0.28905273006851906,0.6823163095662748,6.987712429686843,0.05637470689230077,0.22972223952963539,0.04379841696936637,74.85609200369963,,,,,,
random027,random,1027,gp,0.21799092358969147,0.7586488373144652,3.125,0.028723578282853927,0.5466776182187902,0.8743408329901285,,0.6712158808933002,0.9168734491315137,0.17437220580738808,0.16862175372101734,0.2005581263890826,-195.80173459136762
random028,random,1028,tikhonov_gcv,0.2748201148114474,0.7246913599664911,3.125,0.004523137393525033,0.3318275313931973,0.009462165995500982,57.6801240958774,,,,,,
random028,random,1028,tikhonov_tuned,0.27114983924173414,0.7271369767733932,3.125,0.007416468669007809,0.1994263338222132,0.009774500038474798,31.684936141761323,,,,,,
random028,random,1028,mfi,0.2551809800193169,0.7542779672193194,3.125,0.01273726330094467,0.37498860263036415,0.04609975003404543,84.66379932295044,,,,,,
random028,random,1028,gp,0.21660216590110584,0.811191910612542,3.125,0.006356692030519462,0.6936987232787217,0.8960175840184093,,0.6761786600496278,0.9156327543424317,0.17947973623144062,0.15528702823667326,0.3180309653577665,-179.4841634579293
random029,random,1029,tikhonov_gcv,0.3946661574999383,0.6743057866781915,15.625,0.07081722589360162,1.6325382510763346e-05,0.01049533300101757,0.3636195391675922,,,,,,
random029,random,1029,tikhonov_tuned,0.3907147331978228,0.6897101655176751,15.625,0.05996432738043084,0.1066554029259404,0.010704875050578266,48.253958122830745,,,,,,
random029,random,1029,mfi,0.34524301593359835,0.7683810994021668,15.625,0.04721378207287016,7.0867086503336066e-06,0.05713029199978337,0.3636250386127896,,,,,,
random029,random,1029,gp,0.38813108669655627,0.6712957105536698,0.0,0.04885254812806389,0.36039702700689535,0.8664295420167036,,0.728287841191067,0.9540942928039702,0.14207583039267552,0.10279170132475184,0.14143590878955184,-205.09036926249763
random030,random,1030,tikhonov_gcv,0.46282775020999567,0.4951732101205007,25.194555463432966,0.18445370429722704,0.2545798228110182,0.00904949998948723,42.60437697192973,,,,,,
random030,random,1030,tikhonov_tuned,0.46064635300710427,0.49633871649961664,25.194555463432966,0.18301108894806922,0.175058582591373,0.010009208985138685,29.275194670946124,,,,,,
random030,random,1030,mfi,0.4340283170081329,0.5714529712923109,19.764235376052373,0.14783004195104865,0.4219133538249871,0.04337412497261539,91.78804366394712,,,,,,
random030,random,1030,gp,0.4005436546373082,0.5961357923244838,19.008632907181937,0.12607851108099713,0.6674669334007649,0.8021246659918688,,0.4032258064516129,0.7307692307692307,0.18519240958511718,0.15363222116540157,0.23384648462343177,-182.14712643911633
random031,random,1031,tikhonov_gcv,0.35287384544465344,0.6458236588036953,15.625,0.042273815234489136,0.34391503284194724,0.009451124991755933,41.19496105617933,,,,,,
random031,random,1031,tikhonov_tuned,0.3534535968898218,0.6403642583352276,11.267347735824966,0.03547454267206243,0.1741916833705506,0.009854457981418818,19.890630397211225,,,,,,
random031,random,1031,mfi,0.2663906821727703,0.800605515126227,15.625,0.03701796568623992,0.5327301183513932,0.0550467090215534,130.2736511589626,,,,,,
random031,random,1031,gp,0.31310999449608673,0.6242665101469268,22.534695471649933,0.04472622696569114,0.8412244229233067,0.8137850839993916,,0.48883374689826303,0.8610421836228288,0.22316535316214553,0.16956976016727324,0.1228245692858852,-170.95164772101822
random032,random,1032,tikhonov_gcv,0.34904119733095956,0.7115974464166298,4.419417382415922,0.008717888584989683,0.14022686076914415,0.010500707954633981,25.039754374516583,,,,,,
random032,random,1032,tikhonov_tuned,0.34898435491799384,0.7114689730219086,4.419417382415922,0.009317779315947284,0.11919984517938192,0.01029758300865069,21.934571811370684,,,,,,
random032,random,1032,mfi,0.27864175883885894,0.8123893821059859,3.125,0.041634594984568486,8.197448570693232e-06,0.06165258400142193,0.17059680635932076,,,,,,
random032,random,1032,gp,0.24898533023686883,0.8401898501178011,3.125,0.016850701614026232,0.724258489179587,0.9359438749961555,,0.78287841191067,0.988833746898263,0.19413104655237254,0.13193175509702643,0.199974212316286,-177.2160306302058
random033,random,1033,tikhonov_gcv,0.43547737337542713,0.5271072756542251,37.5,0.02717100954311623,0.25902565462270943,0.011956000002101064,67.43613848133944,,,,,,
random033,random,1033,tikhonov_tuned,0.43537077868283464,0.5273488699754914,37.5,0.027072349474751962,0.24640022691212154,0.011386124999262393,63.35819956618162,,,,,,
random033,random,1033,mfi,0.4261185669495128,0.5368798114776121,37.5,0.002516956709935866,0.22058633002979308,0.041462749999482185,67.43659935319147,,,,,,
random033,random,1033,gp,0.416016075350509,0.627427040002473,32.62595784034547,0.03359544189612202,0.5996619492650156,1.0075788749963976,,0.5037220843672456,0.7518610421836228,0.13251398603289224,0.1256635573783608,0.2518678860059597,-189.43204311228578
random034,random,1034,tikhonov_gcv,0.3953053859969715,0.6302440217377706,3.125,0.04961933447449439,0.27272846257883115,0.009215832978952676,66.73395590895063,,,,,,
random034,random,1034,tikhonov_tuned,0.3943340136688371,0.6315916497482453,3.125,0.04662770995471209,0.20628840287647338,0.00972058397019282,50.01329428170188,,,,,,
random034,random,1034,mfi,0.34797808962569565,0.6421991535388224,3.125,0.05785869092869668,0.3106249056483471,0.05785908398684114,97.95292249436935,,,,,,
random034,random,1034,gp,0.3725646155598648,0.6667836652040268,3.125,0.002291722365736209,0.7650749732193503,0.9713113330071792,,0.6141439205955335,0.8660049627791563,0.1581379786060232,0.14030142449445254,0.2190745436982424,-187.94439290378165
random035,random,1035,tikhonov_gcv,0.2831855639011814,0.7540119432633026,8.838834764831844,0.014264980111649221,1.0963967572990274e-05,0.01039008394582197,0.13312335960127608,,,,,,
random035,random,1035,tikhonov_tuned,0.27949385751749933,0.7754606560817553,4.419417382415922,0.008974608099347083,0.10949077570462765,0.010918582964222878,22.639979151030957,,,,,,
random035,random,1035,mfi,0.2139517717355149,0.8552691860546463,3.125,0.020319158176968544,0.14708728994596396,0.06031012500170618,42.09891421683114,,,,,,
random035,random,1035,gp,0.2533085295869962,0.7980965503254999,6.25,0.006128859670646518,0.7107826733601984,0.9707764170016162,,0.7344913151364765,0.93424317617866,0.192027074807242,0.13424096203252653,0.20844311287334247,-174.64377001874726
random036,random,1036,tikhonov_gcv,0.3408458478136134,0.649693605640088,15.625,0.046402285408128005,0.26734073974524164,0.010109875001944602,57.43324004423184,,,,,,
random036,random,1036,tikhonov_tuned,0.3415333495614442,0.6472416825965303,15.625,0.04673097287705253,0.15932066927654912,0.010597708984278142,34.8131538974928,,,,,,
random036,random,1036,mfi,0.27900102984046926,0.7582997177864743,11.267347735824966,0.009182328977064344,0.40736488528617737,0.0660609999904409,123.73846584233607,,,,,,
random036,random,1036,gp,0.3154683089343326,0.7007639909425314,13.258252147247765,0.05126190379184486,0.9317019349537338,0.8570611670147628,,0.445409429280397,0.7406947890818859,0.17673048168644107,0.17535741351163364,0.19624082036363444,-185.01616983518477
random037,random,1037,tikhonov_gcv,0.3276212413497704,0.725997104578389,3.125,0.051134476359573355,0.018870587203809065,0.010695000004488975,14.817972171387293,,,,,,
random037,random,1037,tikhonov_tuned,0.32675940374491874,0.7313515126329306,3.125,0.0447366356188305,0.0813381662762532,0.01080154103692621,38.32885501520532,,,,,,
random037,random,1037,mfi,0.1963338990555369,0.8681472744810469,3.125,0.026063259633550176,0.05317669738257316,0.06328804203076288,46.85883404631091,,,,,,
random037,random,1037,gp,0.30656944168552924,0.7624264243143801,0.0,0.047482455598180366,0.5167637594149295,0.9226058750064112,,0.71712158808933,0.9007444168734491,0.15238195351020992,0.12823583699680988,0.16877448578505205,-204.38214304352852
random038,random,1038,tikhonov_gcv,0.3187750177469347,0.667668119864448,15.93443597997745,0.030068266909844484,0.3585069276614851,0.009793291974347085,42.43754390610955,,,,,,
random038,random,1038,tikhonov_tuned,0.31279116898651804,0.6794270700997587,15.93443597997745,0.030430229402988805,0.18492903770533908,0.010188582993578166,23.146882375202605,,,,,,
random038,random,1038,mfi,0.30383513415768093,0.712407945117978,15.625,0.04436413366757283,0.45001859843147485,0.048443625040818006,62.28979790182179,,,,,,
random038,random,1038,gp,0.2211992657619653,0.841929058243736,6.987712429686843,0.01397815910105073,0.8539254660045147,0.8023404160048813,,0.7555831265508685,0.9702233250620348,0.22540880060447024,0.1471479079446244,0.2513492545731931,-169.41672439166678
random039,random,1039,tikhonov_gcv,0.27457998562226815,0.7180663558705911,6.987712429686843,0.0647070335892706,0.22419781386467733,0.010281833005137742,40.70906752142244,,,,,,
random039,random,1039,tikhonov_tuned,0.27390280675220224,0.7173215189845075,6.987712429686843,0.06378035847102005,0.1957117855267918,0.011215500009711832,35.93451894663706,,,,,,
random039,random,1039,mfi,0.2396512894012607,0.7948168055230873,6.987712429686843,0.051971939346602374,0.4363028650335943,0.04838054196443409,128.73616556519627,,,,,,
random039,random,1039,gp,0.2338107629384836,0.7504053661703287,4.419417382415922,0.009070762445628662,0.9017073823178249,0.9784567909664474,,0.6476426799007444,0.9578163771712159,0.19091409903994688,0.14980150000084175,0.22677106312218837,-178.92403260646347
random040,random,1040,tikhonov_gcv,0.45627994460957344,0.5675471658645808,11.267347735824966,0.07093887110135173,0.16391561465705987,0.010224291996564716,50.659334166556256,,,,,,
random040,random,1040,tikhonov_tuned,0.456357573611155,0.5672018466893224,11.267347735824966,0.07130213421758647,0.15384798181875078,0.011092000000644475,47.648707262525775,,,,,,
random040,random,1040,mfi,0.34768438695650217,0.7234644440460326,3.125,0.03520284304318276,0.22877581871726882,0.06631249998463318,109.14616212187556,,,,,,
random040,random,1040,gp,0.4095384776743082,0.6078996478180259,3.125,0.08330243198680834,0.7130576659922603,0.893160458013881,,0.23573200992555832,0.511166253101737,0.1557391894588267,0.18302186290892777,0.12457420206798941,-202.21582493570884
random041,random,1041,tikhonov_gcv,0.25866674491286007,0.747490258297069,93.75,0.01731531089785515,0.012494297470952577,0.011445750016719103,4.918765696972088,,,,,,
random041,random,1041,tikhonov_tuned,0.2569456976056091,0.759741277372324,93.80206887377271,0.02553322292644823,0.1248961547568668,0.014825832971837372,23.818024227218412,,,,,,
random041,random,1041,mfi,0.23546644905936814,0.8019807256140857,4.419417382415922,0.008309636323036142,0.05957639428795759,0.07982474996242672,22.831137286094716,,,,,,
random041,random,1041,gp,0.26372259855577623,0.7369345143204777,3.125,0.005631277391396639,0.5060022550295343,1.0422957080299966,,0.8002481389578163,0.9789081885856079,0.2251747907289182,0.1208324375383776,0.2512931417975756,-174.75446137580258
random042,random,1042,tikhonov_gcv,0.3850898958389971,0.7118307570272643,16.828640022295325,0.04211541283786508,0.21506819475969163,0.010632165998686105,70.4296040272661,,,,,,
random042,random,1042,tikhonov_tuned,0.38209426633924404,0.7133922025294646,16.828640022295325,0.04052789853262484,0.1694909686194307,0.01120320800691843,54.95041554750303,,,,,,
random042,random,1042,mfi,0.34727323742371263,0.7796790675715938,16.828640022295325,0.030378085144254763,0.2331279795388937,0.04743483295897022,151.74334413625846,,,,,,
random042,random,1042,gp,0.2499670646994196,0.8105526517722558,0.0,0.028343747660578848,0.5988871184256924,0.8556100419955328,,0.6823821339950372,0.9429280397022333,0.1706691000912457,0.16284941605710773,0.13316109590122088,-205.43315546166355
random043,random,1043,tikhonov_gcv,0.35611465156905375,0.6941762117937523,3.125,0.09835435096911906,0.13394871629944202,0.010417041019536555,24.49130859488408,,,,,,
random043,random,1043,tikhonov_tuned,0.3559744733730283,0.6950388750235251,3.125,0.09843330090938024,0.1508564153611223,0.010675458994228393,27.080409528022408,,,,,,
random043,random,1043,mfi,0.30437022563965827,0.748900627174822,6.25,0.09069223352158257,0.1309601016491421,0.061157124990131706,35.94889939301182,,,,,,
random043,random,1043,gp,0.2770409339562871,0.767913005578122,0.0,0.049413373091893906,0.6673436106153114,1.008462416997645,,0.8138957816377171,0.9789081885856079,0.17665915755895087,0.11222136534827154,0.18849413515408064,-175.9972445720528
random044,random,1044,tikhonov_gcv,0.2560282274506673,0.760736634027918,20.96313728906053,0.03576858964804164,0.33236454861947784,0.00949099997524172,41.60145405503837,,,,,,
random044,random,1044,tikhonov_tuned,0.2562783518042508,0.7572037406379627,20.96313728906053,0.03533098932893782,0.19329395532649313,0.010183332953602076,23.08342297083359,,,,,,
random044,random,1044,mfi,0.27015368785992316,0.7544304863974713,20.96313728906053,0.044025530144270936,0.34328033883196113,0.044532583036925644,61.06340617826429,,,,,,
random044,random,1044,gp,0.22437085357793016,0.827002359460017,16.828640022295325,0.038517241329735344,0.8337390473339562,0.6913235420361161,,0.5918114143920595,0.7903225806451613,0.30751674306241183,0.23128619686394308,0.31470069670510137,-168.28123365628227
random045,random,1045,tikhonov_gcv,0.3183246577139219,0.7032108691764838,13.975424859373685,0.050364203720299615,2.159927331266994e-05,0.009298958990257233,0.12219009274893221,,,,,,
random045,random,1045,tikhonov_tuned,0.32621543129385655,0.723810825733691,11.267347735824966,0.03175926165729999,0.17133168260930912,0.00979795801686123,23.38841025929484,,,,,,
random045,random,1045,mfi,0.27305050794892805,0.8022977967988127,13.975424859373685,0.010029742084538065,0.2676735246547061,0.055232540995348245,56.71870236768756,,,,,,
random045,random,1045,gp,0.184817214260649,0.824438389392917,8.838834764831844,0.035862073603945256,0.6705849904544708,0.7039792919531465,,0.7890818858560794,0.9851116625310173,0.24508209810023832,0.17532618860017915,0.12784164040548057,-174.609849809305
random046,random,1046,tikhonov_gcv,0.2239293311357728,0.758324382525367,20.00976324197765,0.031045956753009887,0.19600621130248388,0.008941249980125576,15.303898575218351,,,,,,
random046,random,1046,tikhonov_tuned,0.22387966804153908,0.7583426741962103,20.00976324197765,0.03090675703005159,0.194964954514846,0.010281083988957107,15.230146977509175,,,,,,
random046,random,1046,mfi,0.2115156611477609,0.7666493342698618,20.00976324197765,0.03656726493844506,0.3112998843655716,0.052063166978769004,32.97154459678848,,,,,,
random046,random,1046,gp,0.206179762937486,0.7964263229835351,15.625,0.021650889878504036,0.6183365264577761,0.809668917034287,,0.9255583126550868,1.0,0.23796500059636766,0.1114690914543365,0.23618493554911218,-150.92340972744393
random047,random,1047,tikhonov_gcv,0.3008901066033265,0.6661947171364136,4.419417382415922,0.015330737859126751,9.677772735539146e-06,0.00945754098938778,0.10439885830351985,,,,,,
random047,random,1047,tikhonov_tuned,0.2995726749664705,0.6833860392654878,6.987712429686843,0.012764127201818517,0.13924697848746312,0.009974332991987467,21.335002847512197,,,,,,
random047,random,1047,mfi,0.30413238284544997,0.7118900232120884,4.419417382415922,0.008459560590832308,6.828545773360628e-06,0.052067583019379526,0.1044013979834214,,,,,,
random047,random,1047,gp,0.28620530254429316,0.6888286804679873,4.419417382415922,0.01895539803419808,0.6412895037228838,0.8509726249612868,,0.6029776674937966,0.924317617866005,0.24581857591412487,0.1330490779070773,0.3155770991047076,-164.67481797481503
random048,random,1048,tikhonov_gcv,0.3723150148814776,0.6376188345388597,3.125,0.006589785041949839,0.19932883052109818,0.009363916993606836,40.01441683192732,,,,,,
random048,random,1048,tikhonov_tuned,0.3709330905603823,0.6389049707833442,3.125,0.006367183719640959,0.16684470621294312,0.009796749975066632,33.77220367209869,,,,,,
random048,random,1048,mfi,0.299179864802603,0.7456254563306217,3.125,0.01947000519616861,0.25443688496904526,0.057265291980002075,86.21063703490687,,,,,,
random048,random,1048,gp,0.2209193247598962,0.8174487420094017,3.125,0.015904096402644056,0.7035376854489825,0.8931304580182768,,0.6228287841191067,0.901985111662531,0.21357320839639507,0.18995598881025422,0.12100758650873285,-189.5194735992083
random049,random,1049,tikhonov_gcv,0.3110449786742001,0.7084652999152482,4.419417382415922,0.07490499000445994,0.3252832299785453,0.009664917015470564,35.33221047092534,,,,,,
random049,random,1049,tikhonov_tuned,0.3146532406080099,0.703548050851501,4.419417382415922,0.07472045249386601,0.161554124751973,0.01008562499191612,17.754466718892502,,,,,,
random049,random,1049,mfi,0.2828962634296306,0.7614510279850573,13.258252147247765,0.06198468863521642,1.1363710846241475e-05,0.05535379203502089,0.11173141614386892,,,,,,
random049,random,1049,gp,0.19060239492836875,0.8751041267911386,0.0,0.025618850007384137,1.0679296930942723,0.8606860830332153,,0.794044665012407,0.9950372208436724,0.23252875335401288,0.14850312289382142,0.19616383846279148,-153.44395750859752
random050,random,1050,tikhonov_gcv,0.26157054925748824,0.6893995278289564,52.01036555341637,0.012954561933235919,3.0512992430360895e-05,0.009584790968801826,0.09930106338208525,,,,,,
random050,random,1050,tikhonov_tuned,0.25256297991620774,0.7178488644386323,4.419417382415922,0.01373793279982826,0.18830420405932938,0.009670541039668024,17.18114388158772,,,,,,
random050,random,1050,mfi,0.2583482521018612,0.7128877832943857,4.419417382415922,0.017216828932040677,0.10343112592953167,0.044222750002518296,14.575657372092696,,,,,,
random050,random,1050,gp,0.21610634912478863,0.8059932267605968,4.419417382415922,0.027098384900279486,0.7551883012412325,0.8323269999818876,,0.7816377171215881,0.9652605459057072,0.22505737078968363,0.1257684916751907,0.31707784151956664,-151.6795612294768
random051,random,1051,tikhonov_gcv,0.36461206362210685,0.5701762226666666,15.625,0.06730281505011064,1.3400286045842642e-05,0.009207374998368323,0.14048539180937356,,,,,,
random051,random,1051,tikhonov_tuned,0.36324579805150903,0.5845917405111729,11.267347735824966,0.06931809004052403,0.11165963811039882,0.009838125028181821,24.54865043015699,,,,,,
random051,random,1051,mfi,0.3355404235870507,0.7079909358694337,11.267347735824966,0.03289679373386025,3.960061961708705e-06,0.05301708303159103,0.14049065835178343,,,,,,
random051,random,1051,gp,0.2939660386643446,0.6778250706374043,43.41388746703064,0.054764366776471805,0.5260290356763038,0.7478769169538282,,0.6377171215880894,0.9230769230769231,0.20130039687585438,0.12707203903231246,0.25329392613315815,-178.90468217097748
random052,random,1052,tikhonov_gcv,0.44654873619943936,0.5060467425073708,6.987712429686843,0.07523021632475449,0.3210761281909129,0.009469250042457134,53.6311242497995,,,,,,
random052,random,1052,tikhonov_tuned,0.4445143245553875,0.503979053090012,6.987712429686843,0.06762826895997091,0.16246818212352288,0.00980937498388812,26.249136003354494,,,,,,
random052,random,1052,mfi,0.323659773349149,0.7109105900922359,6.987712429686843,0.0503874464905668,0.4497861873289847,0.05762383301043883,115.54754321859313,,,,,,
random052,random,1052,gp,0.31013922817278233,0.6563514099449536,3.125,0.0018652388484357945,0.8847719386950799,0.7727045000065118,,0.4838709677419355,0.8275434243176178,0.19865257389711113,0.16611583591070733,0.12144886816456275,-177.4753735170608
random053,random,1053,tikhonov_gcv,0.23649253345974422,0.7606094878669596,8.838834764831844,0.04273072115853544,0.20811910612087425,0.00978754204697907,29.796877898227766,,,,,,
random053,random,1053,tikhonov_tuned,0.23491750102776388,0.7612193917234628,8.838834764831844,0.040175583202323395,0.16637655669381216,0.010057375009637326,24.435007830152824,,,,,,
random053,random,1053,mfi,0.2272210077781361,0.7770951314447893,8.838834764831844,0.03304045336586768,0.13911794226358165,0.04771358298603445,29.79698624596519,,,,,,
random053,random,1053,gp,0.2367476345688848,0.7715838435732979,4.419417382415922,0.01887967873809915,0.5607409766989319,0.8845646670088172,,0.8039702233250621,0.9937965260545906,0.24928977979279238,0.13271846630720302,0.25201738043432625,-172.7696357837999
random054,random,1054,tikhonov_gcv,0.4635505131411939,0.432116471531396,56.336738679124835,0.013767491797127163,7.557503571143605e-06,0.010027459007687867,0.09236661116669849,,,,,,
random054,random,1054,tikhonov_tuned,0.45631154650950667,0.4307023409232709,50.09756106837937,0.01872870497926347,0.18355726666874495,0.010347625007852912,27.991120688895837,,,,,,
random054,random,1054,mfi,0.4578810669860915,0.43102542219127904,46.97905118241534,0.02582587520183143,0.1228730991360785,0.05794550001155585,19.899896719123138,,,,,,
random054,random,1054,gp,0.4289286351572287,0.5188380246950962,46.875,0.008379033438631745,0.5483660144814801,0.952198583050631,,0.47642679900744417,0.7853598014888338,0.16521767513164154,0.10296913538765745,0.30821593787996854,-170.7372697373164
random055,random,1055,tikhonov_gcv,0.23936490666021115,0.7587339670846276,93.75,0.05829966175520202,0.08375170735929145,0.009818291990086436,20.969674113036213,,,,,,
random055,random,1055,tikhonov_tuned,0.24314646071221507,0.759073656478856,93.75,0.06164599502991929,0.14959843798556444,0.010159666009712964,34.54071880976159,,,,,,
random055,random,1055,mfi,0.20317927918542117,0.8180713577549653,93.75,0.055980296003839296,0.055406653311453335,0.04704491700977087,20.96954724601585,,,,,,
random055,random,1055,gp,0.2166291466156803,0.7948955307544778,93.75,0.03220932380747798,0.5077836004800209,0.7809455409878865,,0.7729528535980149,0.9801488833746899,0.24494505237687164,0.17097988902527766,0.30700240622884495,-185.2014081786723
random056,random,1056,tikhonov_gcv,0.2443029163899297,0.8060052831446044,6.987712429686843,0.03659391714109713,0.09856642929071047,0.009087791957426816,12.09863428713161,,,,,,
random056,random,1056,tikhonov_tuned,0.24754633313806587,0.8056843894355878,6.987712429686843,0.03499202047241577,0.1673436336744069,0.00994133303174749,18.9857455789762,,,,,,
random056,random,1056,mfi,0.23117512633776427,0.84538586403556,6.987712429686843,0.030712194659513827,0.05371700434537941,0.04585787502583116,12.099235867391046,,,,,,
random056,random,1056,gp,0.23294283198001017,0.7906170535877284,54.575778739290556,0.06676393941665057,0.5749905088452513,0.8224660839769058,,0.5794044665012407,0.9317617866004962,0.2930090799693106,0.1710699383162686,0.30977823210099037,-165.58671566125724
random057,random,1057,tikhonov_gcv,0.3638290014297089,0.6636908397980602,4.419417382415922,0.025086199774398823,0.11081568720931699,0.009737916989251971,33.238392608247445,,,,,,
random057,random,1057,tikhonov_tuned,0.3641457680483172,0.6640524268620698,4.419417382415922,0.02531449760856123,0.12092323486744316,0.010269416030496359,35.39341747948537,,,,,,
random057,random,1057,mfi,0.2754055887372145,0.802721320474437,4.419417382415922,0.010320336096662946,0.17481111355464313,0.10990341595606878,71.61036661228404,,,,,,
random057,random,1057,gp,0.2942399374311497,0.7018345841299645,0.0,0.06277450439461091,0.738027899118678,0.8768334579654038,,0.7295285359801489,0.9714640198511166,0.17179284802144842,0.12463103446954601,0.1331720602503501,-192.27149381190208
random058,random,1058,tikhonov_gcv,0.3286446017175192,0.6877660725787471,6.25,0.0608565202651905,0.2967593040033175,0.009374542045406997,55.374035153062664,,,,,,
random058,random,1058,tikhonov_tuned,0.32337725728553074,0.6927181670245659,6.25,0.056867001845665684,0.17636624629864006,0.010290207981597632,33.30494433158044,,,,,,
random058,random,1058,mfi,0.3118065380607455,0.7107644493032166,6.25,0.06942754077383077,0.21427124377365947,0.0534573330078274,55.37487466679728,,,,,,
random058,random,1058,gp,0.23716672272230807,0.8424541231971069,0.0,0.004414287817101269,0.5816561088739695,0.9235525419935584,,0.8275434243176178,0.9615384615384616,0.17281914006047983,0.11935026774487976,0.21783035634593614,-183.94262236487378
random059,random,1059,tikhonov_gcv,0.24343709656055162,0.6379735378942727,57.45242597140698,0.007173555782511255,0.3310883301044759,0.011513000004924834,28.70160074973658,,,,,,
random059,random,1059,tikhonov_tuned,0.24204351918241057,0.6407644451786371,57.45242597140698,0.007944137656760318,0.29300237800152973,0.011076959024649113,25.024328647683813,,,,,,
random059,random,1059,mfi,0.23582059457075968,0.6557370071856794,53.40002340823457,0.007108724917837873,0.2831532288623927,0.04767995898146182,28.701468778257397,,,,,,
random059,random,1059,gp,0.19305845076652717,0.7761654656319117,53.40002340823457,0.0029720671862540297,0.7217199450410194,0.9073519589728676,,0.6712158808933002,0.9714640198511166,0.20014251772600786,0.1395537480697335,0.4341171162039905,-158.31149643447964
random060,random,1060,tikhonov_gcv,0.3659191753741659,0.5888344789894575,18.221724671391566,0.04788849486200622,1.2130110340350217e-05,0.009847166016697884,0.10691624255378478,,,,,,
random060,random,1060,tikhonov_tuned,0.35995418742550156,0.6041030312190896,18.221724671391566,0.04411157052914915,0.16142879664943874,0.010472333000507206,23.523132937482146,,,,,,
random060,random,1060,mfi,0.35351989970955744,0.6171776282272654,3.125,0.05263955321997278,7.118330281474944e-06,0.047153291990980506,0.10691754465837215,,,,,,
random060,random,1060,gp,0.262889918744141,0.7584106478292171,6.987712429686843,0.006686635467625301,0.6557011217956431,0.9025976660195738,,0.6885856079404467,0.9875930521091811,0.22142684856448341,0.1373407738221139,0.24876423562331892,-168.7662463514921
random061,random,1061,tikhonov_gcv,0.2610182633946736,0.7645531436422656,6.25,0.02175797165644993,0.24163322763481965,0.010219415999017656,71.33209786745316,,,,,,
random061,random,1061,tikhonov_tuned,0.25922508184588494,0.7602967716610801,6.25,0.021202801228820005,0.1672212704978406,0.010358500003349036,49.10214599180276,,,,,,
random061,random,1061,mfi,0.22700347763240097,0.8324217697535589,3.125,0.008657010823221208,8.654392659644527e-06,0.047952249995432794,0.22557763791733146,,,,,,
random061,random,1061,gp,0.20598313491975048,0.8521544641744676,3.125,0.01779918186915498,0.5610914389627085,0.8083568339934573,,0.858560794044665,0.9578163771712159,0.16797199509165586,0.1408972102092351,0.23304411746993695,-196.3247798445617
random062,random,1062,tikhonov_gcv,0.25633725192455825,0.7700289464481405,4.419417382415922,0.002258901521450787,0.09204315385623618,0.00998879096005112,17.882611890147587,,,,,,
random062,random,1062,tikhonov_tuned,0.2560114450287751,0.7736309088674296,4.419417382415922,0.0017310900886627362,0.13706418268596343,0.010008792043663561,24.805309783784992,,,,,,
random062,random,1062,mfi,0.23414062641851222,0.8251572996733846,4.419417382415922,0.015010195301786263,0.26393702555192394,0.05445125000551343,56.55160180080479,,,,,,
random062,random,1062,gp,0.218657875305076,0.8103852019415161,3.125,0.03130458879060382,0.5866113006320742,1.0550437500351109,,0.7580645161290323,0.9528535980148883,0.1997360412960265,0.15368594165198823,0.19631801713337593,-181.02833604667552
random063,random,1063,tikhonov_gcv,0.32129372156211455,0.7412060651173495,11.267347735824966,0.029030073628994443,0.15926713454192848,0.01135649997740984,23.5738502904505,,,,,,
random063,random,1063,tikhonov_tuned,0.32255915077176933,0.740533771152111,11.267347735824966,0.029379081139432692,0.17331747639935247,0.010178124997764826,25.516780334522938,,,,,,
random063,random,1063,mfi,0.30898848738918616,0.7954306389151599,11.267347735824966,0.04904535025271952,0.19547177460217885,0.054852208006195724,50.78986830170446,,,,,,
random063,random,1063,gp,0.2200978111908462,0.8067869566079333,18.221724671391566,0.0038971623305586625,0.579802577302856,0.8120874169981107,,0.6066997518610422,0.9106699751861043,0.21862226079453104,0.17393738303411185,0.1770453430944949,-179.88222448047128
random064,random,1064,tikhonov_gcv,0.35901209514369303,0.6522348344851506,0.0,0.04162897887921344,0.11427273012314333,0.01116412499686703,36.529861486938195,,,,,,
random064,random,1064,tikhonov_tuned,0.3587891198613251,0.652371134274356,0.0,0.041472447035084244,0.10940390169029035,0.010950833035167307,35.34064271835724,,,,,,
random064,random,1064,mfi,0.30920243553221144,0.7151775200402756,0.0,0.0672238630596237,0.14715580976842338,0.05312583298655227,53.618734904299316,,,,,,
random064,random,1064,gp,0.30990735833511657,0.7122859772668427,3.125,0.05733818350859113,0.5074748090830785,0.8499130000127479,,0.6712158808933002,0.9578163771712159,0.17119604155591786,0.1184662213576621,0.139979369998576,-193.51587142893362
random065,random,1065,tikhonov_gcv,0.4856935349526648,0.5512965164468422,0.0,0.08701431713493964,0.17288220717305236,0.009954500012099743,49.3039822762421,,,,,,
random065,random,1065,tikhonov_tuned,0.4862900092721613,0.5497012131891833,0.0,0.08821953360196479,0.15688413892844488,0.009892457979731262,45.35686822123358,,,,,,
random065,random,1065,mfi,0.31055226456254054,0.7003103253211496,0.0,0.052775857100919685,0.3427538588330655,0.06847162498161197,155.91806501583181,,,,,,
random065,random,1065,gp,0.46761148018122567,0.5600450251918152,0.0,0.06893812040728098,0.599868694257641,1.045795291021932,,0.6935483870967742,0.9044665012406948,0.1512354966939548,0.1137663019034872,0.13666438471959624,-197.0256780090251
random066,random,1066,tikhonov_gcv,0.28999570828741156,0.6627517379954321,0.0,0.004831560547595408,0.04674786083823961,0.011075542017351836,17.463264176193036,,,,,,
random066,random,1066,tikhonov_tuned,0.2912515897799133,0.6699949393493609,0.0,0.003272285267429664,0.11806266745990578,0.010917667008470744,33.50062979904827,,,,,,
random066,random,1066,mfi,0.19998796254664714,0.7821295378162788,4.419417382415922,0.016621502280029343,0.13359782964951072,0.059649874980095774,55.22448724224546,,,,,,
random066,random,1066,gp,0.19045689792739579,0.7676045850248802,4.419417382415922,0.027624464119439394,0.6044695693509934,1.0808364580152556,,0.9267990074441688,0.9913151364764268,0.17484402231929624,0.12026129104209773,0.1649602083244932,-190.01975864105532
random067,random,1067,tikhonov_gcv,0.2970219977813666,0.5949917928711749,11.267347735824966,0.024543209933006602,7.960473579294924e-06,0.01030320901190862,0.06867825073128674,,,,,,
random067,random,1067,tikhonov_tuned,0.2933360098854361,0.590060731283656,11.267347735824966,0.02347891681701434,0.16321637041976367,0.011086082959081978,19.408890725465273,,,,,,
random067,random,1067,mfi,0.2896148975934824,0.6145958292123289,11.267347735824966,0.023658801767269175,6.588517232607915e-06,0.04975445900345221,0.06867873804400702,,,,,,
random067,random,1067,gp,0.25482988489305863,0.6659252908196792,25.76941016011038,0.02922012163103559,0.8513514242861973,0.918481917004101,,0.47766749379652607,0.8461538461538461,0.2374072746672991,0.16543995915464915,0.3335158775531069,-156.33822484934393
random068,random,1068,tikhonov_gcv,0.45119505631608475,0.6992405015072843,3.125,0.04787423845334399,0.2827849242428974,0.01044091599760577,72.22026991928094,,,,,,
random068,random,1068,tikhonov_tuned,0.4502702013455195,0.6995897627370652,3.125,0.04929507098773112,0.1916771271706708,0.011379166971892118,48.744227756043266,,,,,,
random068,random,1068,mfi,0.40697822557379215,0.7457517419608288,3.125,0.012276361347454075,0.24918518181904206,0.04862733400659636,106.00686361468188,,,,,,
random068,random,1068,gp,0.40681521624059,0.7402892329184264,3.125,0.0356480043578144,0.5690606995744141,1.1490891660214402,,0.673697270471464,0.9032258064516129,0.1302697153915179,0.11253451047272507,0.167970307432189,-195.9844194608143
random069,random,1069,tikhonov_gcv,0.3073495351306729,0.6630080262559799,4.419417382415922,0.00998939796811888,0.46661559797560187,0.010483082965947688,67.54429910017545,,,,,,
random069,random,1069,tikhonov_tuned,0.3013644394608293,0.663238077853097,4.419417382415922,0.00937571235734667,0.20666405044711345,0.012215708033181727,28.49592786321843,,,,,,
random069,random,1069,mfi,0.27599104293497567,0.7352965554615568,4.419417382415922,0.017751348461779632,0.5192678393905699,0.06606645800638944,99.14226513496578,,,,,,
random069,random,1069,gp,0.2769589415972388,0.7156704265362493,9.375,0.03839682331832481,0.7344682384130148,1.1279657909763046,,0.6823821339950372,0.9528535980148883,0.18083685240231415,0.11408835627848049,0.23672465435728182,-171.66891260774605
random070,random,1070,tikhonov_gcv,0.3814431644167669,0.582349384169389,18.75,0.11042241049106637,0.11330866835379227,0.010643624991644174,19.082575927840374,,,,,,
random070,random,1070,tikhonov_tuned,0.3829453501323976,0.5821846313231472,18.75,0.1132312067559513,0.16830844376728654,0.010983541957102716,26.71850714622951,,,,,,
random070,random,1070,mfi,0.3142028604569826,0.6878570388078336,18.75,0.06463576911874958,0.11998641850014212,0.06316729198442772,28.009088859226985,,,,,,
random070,random,1070,gp,0.27571437153044903,0.7337610996512915,4.419417382415922,0.0511426339749119,0.7656847727368183,1.0794078329927288,,0.56575682382134,0.9057071960297767,0.21115465701137412,0.15529331744399338,0.2551813765297626,-173.98254531410754
random071,random,1071,tikhonov_gcv,0.3053136343011582,0.756025060866744,3.125,0.029816687766343865,1.8288759167179477e-05,0.010344334004912525,0.26961253094163934,,,,,,
random071,random,1071,tikhonov_tuned,0.31549316653881543,0.7607848061583427,0.0,0.031031051941328443,0.10787335353201047,0.013828540977556258,31.947735762464607,,,,,,
random071,random,1071,mfi,0.23339213253157234,0.8547316435688722,0.0,0.017985700928469028,0.3219285002848486,0.06067354202969,125.14603060008527,,,,,,
random071,random,1071,gp,0.28376777888210125,0.7870600027281653,4.419417382415922,0.007120670839458505,0.5661764510813041,1.111311124986969,,0.7568238213399504,0.966501240694789,0.17906132662096058,0.13442910733770952,0.11587811728106683,-196.89101602397403
random072,random,1072,tikhonov_gcv,0.2999457555649735,0.6583835028789536,12.88470508005519,0.00046282954991317863,0.3670013844372169,0.010200041986536235,37.190719261068395,,,,,,
random072,random,1072,tikhonov_tuned,0.2962356607395115,0.6610828603373529,12.88470508005519,0.003162975125525574,0.2149786380204222,0.010461082973051816,20.95786318869959,,,,,,
random072,random,1072,mfi,0.2817676564527718,0.6858679458873052,8.838834764831844,0.011323120531243226,0.26885078929798273,0.061816084024030715,37.19118000802406,,,,,,
random072,random,1072,gp,0.27200221760894094,0.7194026406106311,9.375,0.008528676208546089,0.8085255799777065,0.9091324579785578,,0.5384615384615384,0.9193548387096774,0.2000540569443217,0.13282519257369682,0.27518717270707127,-159.6486412382057
random073,random,1073,tikhonov_gcv,0.2884518242434114,0.7216237468524969,4.419417382415922,0.020317667875922,0.42750520859819346,0.011286124994512647,63.42962887463304,,,,,,
random073,random,1073,tikhonov_tuned,0.28717602692490896,0.719306397435736,3.125,0.024452961104321554,0.17584982060733695,0.0116795000503771,24.879569026836645,,,,,,
random073,random,1073,mfi,0.2522634613466042,0.8034378421911835,3.125,0.04321489640684695,0.42925601466828345,0.06168320798315108,93.10460798394571,,,,,,
random073,random,1073,gp,0.27337849609673265,0.74687751625103,4.419417382415922,0.032096238864199954,0.9957487036892871,1.0292752080131322,,0.5856079404466501,0.8349875930521092,0.21726696011156765,0.1903435747086889,0.1852174192501781,-174.4261711643228
random074,random,1074,tikhonov_gcv,0.321162578828391,0.6370740073536815,57.36737422089318,0.01454729752140696,0.031979896928304594,0.010573917010333389,7.767860280133508,,,,,,
random074,random,1074,tikhonov_tuned,0.3239582946811598,0.6402089158917652,57.36737422089318,0.01289299888200232,0.1774581213524675,0.01082583301467821,29.337501396132094,,,,,,
random074,random,1074,mfi,0.29900505774151914,0.6868540313930049,57.36737422089318,0.02856187374205429,0.029419198031062903,0.06386704201577231,11.401730103846182,,,,,,
random074,random,1074,gp,0.2648836442975956,0.7433951685026805,51.53882032022076,0.0062285839901804,0.6323751391299127,0.7767077090102248,,0.607940446650124,0.9354838709677419,0.18640612762276185,0.12422609125250683,0.28223021281313576,-172.14101028068734
random075,random,1075,tikhonov_gcv,0.43767941369896163,0.5959560318453399,0.0,0.05606597898615217,0.14806911288790625,0.009755790990311652,26.142413705669533,,,,,,
random075,random,1075,tikhonov_tuned,0.4386159501427845,0.5966003078922696,0.0,0.0576814055433266,0.1942065003396338,0.01035254099406302,33.17447479115291,,,,,,
random075,random,1075,mfi,0.3462269552091319,0.6964630378481449,0.0,0.024214079356042133,0.00816769143568274,0.05758374999277294,5.632324614463513,,,,,,
random075,random,1075,gp,0.31483162504532775,0.7426519175202946,4.419417382415922,0.00180804474962446,0.9069176425903654,0.6993928750162013,,0.5818858560794045,0.8014888337468983,0.18860108755478774,0.16889962142856763,0.11301144877249877,-179.7854322975288
random076,random,1076,tikhonov_gcv,0.37889103931761464,0.5528663634960808,6.987712429686843,0.11064113727667214,0.005620422448229531,0.009591958951205015,6.821801502875549,,,,,,
random076,random,1076,tikhonov_tuned,0.37757886816174197,0.5647061670606066,6.987712429686843,0.10570422377341554,0.06849812720263124,0.009668792015872896,34.04771009812906,,,,,,
random076,random,1076,mfi,0.24473864238662885,0.8567960967893137,6.987712429686843,0.031773495824892486,0.1097596503354294,0.053075750009156764,100.13342896488018,,,,,,
random076,random,1076,gp,0.3385137320289553,0.6186322112971904,6.987712429686843,0.10809018357654633,0.564026456616078,0.8107982500223443,,0.5905707196029777,0.8560794044665012,0.1650870669402093,0.15862844843858728,0.10580371276855656,-208.24063048906584
random077,random,1077,tikhonov_gcv,0.2504154139277871,0.7359057993220456,3.125,0.0038928073434064303,0.796825226835274,0.009291083959396929,88.91094439801327,,,,,,
random077,random,1077,tikhonov_tuned,0.2500759725234326,0.7353807955618546,3.125,0.007871813634941051,0.2955703985043313,0.009979624999687076,25.767930558562806,,,,,,
random077,random,1077,mfi,0.24175435969673753,0.7553950446694468,6.987712429686843,0.0201803300499731,0.6837201258984263,0.04356824996648356,88.91145918634558,,,,,,
random077,random,1077,gp,0.340461835618245,0.6460480628307499,3.125,0.06396559511873381,1.0879325226346452,0.7669977089972235,,0.4826302729528536,0.8411910669975186,0.24295299004589144,0.1681035013121742,0.25147322845828174,-162.05276090939185
random078,random,1078,tikhonov_gcv,0.31777659497199146,0.7413081395983421,86.20696390083576,0.03360833576680105,2.0721964653988637e-05,0.009375041001476347,0.21245727191281158,,,,,,
random078,random,1078,tikhonov_tuned,0.31630754359391844,0.7505040791002604,86.20696390083576,0.03080302938440588,0.08918524524215031,0.00943833397468552,21.335662108734475,,,,,,
random078,random,1078,mfi,0.2929203605805647,0.8053714840924323,86.20696390083576,0.007383765392414485,9.582825722930851e-06,0.0443165409960784,0.21245853930714814,,,,,,
random078,random,1078,gp,0.26073201262891255,0.7808280144420405,70.71067811865476,0.07700021156654671,0.6411121038468934,0.7462234579725191,,0.7841191066997518,0.967741935483871,0.2243171558827166,0.1270633782463041,0.186482160913971,-177.61340931380522
random079,random,1079,tikhonov_gcv,0.3129536613414107,0.5763926334553474,48.51304592581258,0.020050794988084566,0.12236190330908757,0.00941699999384582,22.635009231160968,,,,,,
random079,random,1079,tikhonov_tuned,0.31374244915209015,0.5762395716367027,48.51304592581258,0.021072695938581885,0.18903052938219236,0.009758458007127047,34.770785903332175,,,,,,
random079,random,1079,mfi,0.3022590087889235,0.5889979390691155,48.51304592581258,0.005064065428403361,0.004031663058452227,0.04420412500621751,3.3223649256714936,,,,,,
random079,random,1079,gp,0.2533497980841099,0.7153935265764912,3.125,0.03250388907755308,0.7490749654508192,0.7240233329939656,,0.5049627791563276,0.78287841191067,0.20838623967686312,0.18285815861801522,0.3146621053317696,-175.3207318102887
random080,random,1080,tikhonov_gcv,0.32908471631130154,0.6425051225756538,4.419417382415922,0.04197535188893509,0.23087230481286186,0.008908375049941242,50.96614565843469,,,,,,
random080,random,1080,tikhonov_tuned,0.3285406358650604,0.6403859152048456,4.419417382415922,0.042178884910165616,0.1586628652556324,0.009721540962345898,34.94717271897861,,,,,,
random080,random,1080,mfi,0.27135136427055334,0.7506729348695533,4.419417382415922,0.03181790284439982,0.36793102902010755,0.051788375014439225,109.80466707353537,,,,,,
random080,random,1080,gp,0.29921835230921795,0.6965567111252298,4.419417382415922,0.06620049143769519,0.7530419705553774,0.7629279170068912,,0.44168734491315137,0.7133995037220844,0.18303866702547777,0.1803347082668275,0.16912916727375812,-189.19145213320775
random081,random,1081,tikhonov_gcv,0.3174465396551449,0.701290471062245,3.125,0.04062436598060834,0.3114911749415501,0.008846334007102996,31.12629236298622,,,,,,
random081,random,1081,tikhonov_tuned,0.3195021182356323,0.6955211626753476,3.125,0.04324710664323435,0.17862777285328435,0.00955141696613282,17.73172968647652,,,,,,
random081,random,1081,mfi,0.304615799054883,0.7491265854273235,6.987712429686843,0.06491705079440285,0.5693500219953271,0.05376875004731119,98.43222891867508,,,,,,
random081,random,1081,gp,0.29175878943371114,0.7352094161463247,6.987712429686843,0.05877956723455967,0.9417977491683279,0.8246834999881685,,0.5533498759305211,0.890818858560794,0.22455182657726402,0.15415182584854092,0.2664840562950933,-159.3001103290453
random082,random,1082,tikhonov_gcv,0.4599125333334954,0.5155845007896314,3.125,0.03788067846645274,1.1883633699697737e-05,0.009305374987889081,0.31487588393170446,,,,,,
random082,random,1082,tikhonov_tuned,0.4528894976081416,0.5429829655729552,3.125,0.028335441733470423,0.10191524553863608,0.009679124981630594,50.24835793817564,,,,,,
random082,random,1082,mfi,0.3670318435680827,0.6930539827174333,3.125,0.04283089395093875,7.043925313185922e-06,0.054866749967914075,0.3148828453237187,,,,,,
random082,random,1082,gp,0.441248425869966,0.5500704885085704,3.125,0.0003175380509334319,0.5529591093159775,0.8380910000414588,,0.5583126550868487,0.8163771712158809,0.13462791005550873,0.13171330478473614,0.12427881504219347,-208.36565061665402
random083,random,1083,tikhonov_gcv,0.3147574391935606,0.6981100370667996,4.419417382415922,0.05547479010515788,1.6554865614545308e-05,0.009878084005322307,0.14771575784338728,,,,,,
random083,random,1083,tikhonov_tuned,0.3348404731900333,0.6890146719970486,4.419417382415922,0.06820640220485598,0.13351561563117362,0.012514374975580722,27.131950146313272,,,,,,
random083,random,1083,mfi,0.27158251568551534,0.7560136888691735,4.419417382415922,0.06452868971685738,0.10658314527658307,0.04598520795116201,31.825073088715982,,,,,,
random083,random,1083,gp,0.25658444157196686,0.7656287860898437,4.419417382415922,0.046636064923556535,0.4680108594811099,0.8746350419824012,,0.7084367245657568,0.9491315136476427,0.1827200404336406,0.1354793318398076,0.24796735834931447,-187.20827859625473
random084,random,1084,tikhonov_gcv,0.33048268904381495,0.6688735155039744,0.0,0.01900080234372301,2.0138451040361614e-05,0.009021916019264609,0.2180281694344964,,,,,,
random084,random,1084,tikhonov_tuned,0.34416708853679906,0.6625478342359927,0.0,0.02436271071354244,0.1826916131505304,0.009928082989063114,41.659823376652454,,,,,,
random084,random,1084,mfi,0.28546147688125056,0.7178887811486203,0.0,0.024777569957025715,7.266817495919138e-06,0.04467833397211507,0.21803028035872044,,,,,,
random084,random,1084,gp,0.2183803763472345,0.7934405183988629,3.125,0.021148235821434564,0.5290910468919803,0.8240422499948181,,0.826302729528536,0.9776674937965261,0.16571496513024325,0.13300095631648404,0.19111178756797567,-195.74833020348626
random085,random,1085,tikhonov_gcv,0.44496224624467173,0.6185051377086518,13.975424859373685,0.025389632267296278,0.023736603286554754,0.00940804195124656,15.397407376475922,,,,,,
random085,random,1085,tikhonov_tuned,0.4446949702093259,0.6257153379272077,11.267347735824966,0.028412477247679455,0.1149566800782608,0.009436000022105873,48.89069267625697,,,,,,
random085,random,1085,mfi,0.4151153348459695,0.6644781510278231,11.267347735824966,0.0043242927150219474,0.08110883278127427,0.053467333025764674,48.69162653541226,,,,,,
random085,random,1085,gp,0.44344216519004676,0.5717455351893224,11.267347735824966,0.008901955756085217,0.49828475974077807,0.7672570419963449,,0.3933002481389578,0.749379652605459,0.13969214793753404,0.14095582836070877,0.16552546375565622,-204.74083415767103
random086,random,1086,tikhonov_gcv,0.3196101724682543,0.7206974620195525,0.0,0.011586286500111991,0.014982504763350994,0.009650708001572639,10.569935499127746,,,,,,
random086,random,1086,tikhonov_tuned,0.32204626624021127,0.7321461204954978,0.0,0.005364284122398844,0.08760042739333374,0.010071708995383233,34.741494129460314,,,,,,
random086,random,1086,mfi,0.2330117311939053,0.8289308722325666,0.0,0.008183684420687204,0.042259896527701714,0.054187625006306916,33.42533858500749,,,,,,
random086,random,1086,gp,0.2377820529538549,0.7879173496350615,0.0,0.03436658019831609,0.5221839166112862,0.9173362090368755,,0.7580645161290323,0.9627791563275434,0.16273562827396232,0.13765544434836582,0.15067070252743736,-199.09524859915945
random087,random,1087,tikhonov_gcv,0.4291279444853675,0.5531791912455392,6.987712429686843,0.11742407246259896,0.34312437044889615,0.009312416019383818,81.77715017537321,,,,,,
random087,random,1087,tikhonov_tuned,0.4228088084430205,0.5543541155861476,6.987712429686843,0.11048324439597516,0.1898898413716216,0.010191917011979967,44.98804011935369,,,,,,
random087,random,1087,mfi,0.33198132331680275,0.6761577598681475,4.419417382415922,0.07192242368228367,0.35226321391444626,0.0534316249541007,120.0312791492941,,,,,,
random087,random,1087,gp,0.31171160254362107,0.6598544321824973,3.125,0.048004959379945505,0.7685001380757913,0.9425922500086017,,0.5744416873449132,0.9267990074441688,0.15962647384421016,0.14004253090395552,0.1675704346717113,-193.63833467391453
random088,random,1088,tikhonov_gcv,0.34132441840014593,0.5984104976685579,3.125,0.09657802476042013,0.5891033270276487,0.009962374984752387,83.51119327764876,,,,,,
random088,random,1088,tikhonov_tuned,0.3464833813187607,0.5830169127909737,3.125,0.10273382097944636,0.2189712972227128,0.010594959021545947,27.643252447143432,,,,,,
random088,random,1088,mfi,0.24556528397502914,0.8045331891296066,3.125,0.06027011484748359,0.3724231748738274,0.054237374977674335,122.58544787912963,,,,,,
random088,random,1088,gp,0.3665844824671992,0.5442852332590387,6.25,0.1247695714368996,1.1467264305354903,0.7919281249633059,,0.29156327543424315,0.5558312655086849,0.18890234067606135,0.1915555848609925,0.14436651475144613,-176.37513234737082
random089,random,1089,tikhonov_gcv,0.2910948468294124,0.6495834284820076,6.25,0.05610961777142114,0.21452980610348382,0.009633374982513487,34.37452237015958,,,,,,
random089,random,1089,tikhonov_tuned,0.29126237541158045,0.6485159332705257,6.25,0.056159919427618686,0.19465328614820462,0.010205290978774428,31.473244466291455,,,,,,
random089,random,1089,mfi,0.26095842214409265,0.7076718063303061,6.25,0.048359515534956085,0.4872999643594874,0.05532991699874401,108.7025623154365,,,,,,
random089,random,1089,gp,0.34708633745303585,0.5379178214970696,3.125,0.07535422946073504,0.7743492693775134,0.8063654589932412,,0.575682382133995,0.8722084367245657,0.1587584801238306,0.10886984828284783,0.22786719604351652,-174.71429353860628
random090,random,1090,tikhonov_gcv,0.2826759200533083,0.736556805356158,75.13009550107067,0.017395247842426662,0.2629034301526475,0.010255250032059848,35.88037827604819,,,,,,
random090,random,1090,tikhonov_tuned,0.2793877847831268,0.7402948543502937,75.13009550107067,0.016047431488992087,0.15938682500594215,0.010020416986662894,21.294853562841997,,,,,,
random090,random,1090,mfi,0.25661903490064825,0.7641694200867484,68.25103021200486,0.03520442689662304,0.2928839283764046,0.04493116703815758,52.6655981444056,,,,,,
random090,random,1090,gp,0.22531252607412486,0.8419656208086406,61.39650845121406,0.007193489919416958,0.5034594444648572,0.8900449160137214,,0.826302729528536,0.9602977667493796,0.20011916405427552,0.12843691314672492,0.22782586663181653,-176.72678365224021
random091,random,1091,tikhonov_gcv,0.33833046596357513,0.6965176964815663,93.80206887377271,0.03528330023846181,0.08862069970520087,0.010412874980829656,33.08034094833511,,,,,,
random091,random,1091,tikhonov_tuned,0.3395362553509496,0.6989415727180754,93.80206887377271,0.036685977571101834,0.14121799984720904,0.010345874994527549,46.8069322433228,,,,,,
random091,random,1091,mfi,0.28760229876838705,0.762270021815016,90.67886330341818,0.024636764433735952,0.08346781784058918,0.0461959169479087,48.55572142673597,,,,,,
random091,random,1091,gp,0.3630930663505157,0.6173940151542486,90.625,0.018816006269738294,0.500260691737014,0.7183132499922067,,0.7121588089330024,0.9491315136476427,0.17468125644144453,0.11731165506475937,0.18853001621763557,-197.6110077056938
random092,random,1092,tikhonov_gcv,0.23823918164121033,0.7694700154746781,3.125,0.021623705056919757,1.5722223290867e-05,0.009987583965994418,0.16071360161828607,,,,,,
random092,random,1092,tikhonov_tuned,0.2390089576114695,0.7871250507011764,3.125,0.001986722196288488,0.11707797413773038,0.010164082981646061,23.58840388838159,,,,,,
random092,random,1092,mfi,0.19802742022751557,0.8712444401483406,3.125,0.012689739522769583,0.24685340978226,0.05460816598497331,74.59899140888209,,,,,,
random092,random,1092,gp,0.1785466315404582,0.8757110810658345,4.419417382415922,0.011119623928867022,0.4954701608033574,0.8423854170250706,,0.858560794044665,0.9975186104218362,0.20488704629103838,0.1331975792998062,0.21854606892775466,-183.89684822279827
random093,random,1093,tikhonov_gcv,0.3491905825632499,0.6511056619605599,3.125,0.012919003948702691,9.302285769805944e-06,0.010121416999027133,0.3377743531178987,,,,,,
random093,random,1093,tikhonov_tuned,0.35568809789063377,0.6530781202297884,3.125,0.023516395897108428,0.06906002234902958,0.0102305420441553,40.30851109663711,,,,,,
random093,random,1093,mfi,0.2208725752935048,0.8063151513026333,3.125,0.019184920736228007,4.905368439869879e-06,0.05498179199639708,0.3377814663708047,,,,,,
random093,random,1093,gp,0.27859866539530387,0.7789936676312935,3.125,0.047236858420821114,0.4330019974482115,0.7490187910152599,,0.6861042183622829,0.9181141439205955,0.16185170523027825,0.14072573713270023,0.15916676485695885,-211.15109414645946
random094,random,1094,tikhonov_gcv,0.39700879012647605,0.6235276382662368,3.125,0.1420696560817857,0.025026196419436503,0.009719000023324043,10.301773887574793,,,,,,
random094,random,1094,tikhonov_tuned,0.4020850051132919,0.6262751149256682,3.125,0.14791897132039322,0.11573685107549088,0.009919875010382384,31.03105538212467,,,,,,
random094,random,1094,mfi,0.25562784607181255,0.8194473591795276,3.125,0.08619521042394246,0.127121621796482,0.0548911250079982,70.18543114083087,,,,,,
random094,random,1094,gp,0.27062729392356677,0.6966507761064827,0.0,0.03394582591666245,0.5039394390008511,0.8286887919530272,,0.8027295285359801,0.9826302729528535,0.18059869923431376,0.12557136214185266,0.1460223914728489,-187.30754504233812
random095,random,1095,tikhonov_gcv,0.34807867724077496,0.6863442358368081,3.125,0.03652124558664699,0.08718650213700059,0.009372250002343208,31.763317465887845,,,,,,
random095,random,1095,tikhonov_tuned,0.3497820443136933,0.6894421601240588,3.125,0.03775673770258184,0.12898563177701972,0.010103958018589765,42.68839143251146,,,,,,
random095,random,1095,mfi,0.25716277140071464,0.7863013083820973,3.125,0.03395057206929785,0.040731940436984325,0.05430854199221358,31.76428559348154,,,,,,
random095,random,1095,gp,0.29452670405917797,0.6793723452457714,0.0,0.051203400118073936,0.6223366350472159,0.8809554590261541,,0.7531017369727047,0.9540942928039702,0.16384595120058668,0.13689569697339812,0.14221120859595643,-200.59040974811086
random096,random,1096,tikhonov_gcv,0.4168164963046458,0.5245698682219894,17.67766952966369,0.10138805667551931,1.5025834054681365e-05,0.00964783295057714,0.05693865272352768,,,,,,
random096,random,1096,tikhonov_tuned,0.41238493986402147,0.5321382522178847,20.00976324197765,0.10583704345294417,0.3120387008451951,0.009587167005520314,23.62748031854246,,,,,,
random096,random,1096,mfi,0.4156996863911208,0.5264337738541085,17.67766952966369,0.09970836469142234,9.472683280027912e-06,0.037064916046801955,0.05693898095017541,,,,,,
random096,random,1096,gp,0.36469489331069027,0.6353027004024125,6.987712429686843,0.10042985833801983,0.8526682806788831,0.9571395000093617,,0.4057071960297767,0.7320099255583127,0.17413546840855013,0.1111199112956954,0.42033663722228487,-148.9268015914413
random097,random,1097,tikhonov_gcv,0.2753550472970738,0.6840048193527059,11.267347735824966,0.027615946534352568,0.02596850114002038,0.00992262497311458,7.4756352074138315,,,,,,
random097,random,1097,tikhonov_tuned,0.27357749177931023,0.7003520298308763,11.267347735824966,0.02727984743798998,0.1755873406616133,0.010131291986908764,28.147806222939145,,,,,,
random097,random,1097,mfi,0.24814873335061646,0.7445904449330747,11.267347735824966,0.020732404211331292,0.3995873367541628,0.045470458979252726,74.75802179972109,,,,,,
random097,random,1097,gp,0.25423302812564996,0.7102168644069293,0.0,0.026374494655486542,0.6999114372805012,0.8070615420001559,,0.78287841191067,0.9900744416873449,0.19256178594317874,0.10708797527117216,0.22802848541487095,-170.45729498974043
random098,random,1098,tikhonov_gcv,0.4587461810622976,0.5881976711793461,4.419417382415922,0.03328879873031491,0.19448811857977077,0.009409042017068714,45.69639157463604,,,,,,
random098,random,1098,tikhonov_tuned,0.45890549262327707,0.5848423554808153,4.419417382415922,0.03429469736949285,0.1321630924152526,0.010193541005719453,32.84971548197819,,,,,,
random098,random,1098,mfi,0.3821878991260258,0.7228343893136561,4.419417382415922,0.011728546193891026,0.4172885641310418,0.05767808301607147,144.5085116389356,,,,,,
random098,random,1098,gp,0.4148766971562865,0.6601159767183851,11.267347735824966,0.02490564416614165,0.9202517430863073,0.9324550000019372,,0.49007444168734493,0.8635235732009926,0.1647551459219023,0.13691510671256402,0.16600933013138502,-182.46424622145042
random099,random,1099,tikhonov_gcv,0.34395926374588165,0.6637646835326397,37.62998305872593,0.07177944562534289,0.24919367780361285,0.00954749999800697,24.45224305121904,,,,,,
random099,random,1099,tikhonov_tuned,0.3435039365188046,0.664863874506326,37.62998305872593,0.07155029824590094,0.21938110400245125,0.009723166993353516,21.459777570735593,,,,,,
random099,random,1099,mfi,0.348732252838282,0.6686605702531283,37.62998305872593,0.09275883394072919,0.2798498922719598,0.04494879097910598,35.891427618904636,,,,,,
random099,random,1099,gp,0.28024052099663044,0.750630868354453,50.87131436281158,0.03534609694695438,0.8292079814065602,0.8642210409743711,,0.48759305210918114,0.8312655086848635,0.2114619244278708,0.16629388164317863,0.27025859075135167,-163.02168072178068
random100,random,1100,tikhonov_gcv,0.37252812965170756,0.5775013794983153,81.06951106920529,0.11633295424555362,0.1498044923020747,0.00937983300536871,14.454492711214836,,,,,,
random100,random,1100,tikhonov_tuned,0.3762494509808371,0.5742043261029375,81.06951106920529,0.12023077088308243,0.2601877908006987,0.01001704199006781,24.487130250511253,,,,,,
random100,random,1100,mfi,0.3709265324574171,0.5689533208492965,81.06951106920529,0.1127864172204478,0.0008048541191165015,0.04557766701327637,0.6709191213800011,,,,,,
random100,random,1100,gp,0.2666890490141222,0.758812650927529,76.86483672655527,0.07173355923405171,0.7400900124308918,0.9432476669899188,,0.6488833746898263,0.9181141439205955,0.19905193090962406,0.12183459053239719,0.35668370016063766,-155.09864262662114
random101,random,1101,tikhonov_gcv,0.33713907160842166,0.5722517370466658,6.25,0.09639390032275502,0.4989410273919199,0.009238333033863455,69.54961085907246,,,,,,
random101,random,1101,tikhonov_tuned,0.33155275260160505,0.5751225011949213,6.25,0.08938887225274457,0.36355583534816055,0.00990375003311783,45.06783696053798,,,,,,
random101,random,1101,mfi,0.3051195986760354,0.5885214310629726,6.25,0.07301338000872731,0.5170785932355326,0.04547433397965506,102.08486370523943,,,,,,
random101,random,1101,gp,0.26266387959499354,0.6835910485879382,3.125,0.023084358569348176,0.9151408626999555,0.7740411250269972,,0.5645161290322581,0.8511166253101737,0.17688345105212167,0.16426675203964708,0.24898190708305604,-168.0525563108601
random102,random,1102,tikhonov_gcv,0.35002869910140544,0.6386136182191092,11.267347735824966,0.09106714988990572,0.025984931252880778,0.009623584046494216,4.793990099877912,,,,,,
random102,random,1102,tikhonov_tuned,0.35464953927387405,0.6384283642130283,11.267347735824966,0.10002493786163352,0.1586921453905688,0.009848957997746766,17.828092739051364,,,,,,
random102,random,1102,mfi,0.34538363539998673,0.6441928440293576,11.267347735824966,0.09459252969753708,0.023105862414613605,0.044479082978796214,4.794008944748181,,,,,,
random102,random,1102,gp,0.3450769989560912,0.6706305014049557,11.267347735824966,0.0969592484103412,0.5073802299017167,0.9081846249755472,,0.6215880893300249,0.9205955334987593,0.18951724543962026,0.09487328418051882,0.34492876376337694,-159.6604954398258
random103,random,1103,tikhonov_gcv,0.3289672818803779,0.6319905346042415,6.25,0.10623615931100286,0.4618076401848743,0.009245875000488013,65.65279697250425,,,,,,
random103,random,1103,tikhonov_tuned,0.32529378059871356,0.6309894187424621,6.25,0.10567800580137403,0.2614796119540254,0.009824541979469359,31.540012208520587,,,,,,
random103,random,1103,mfi,0.30195942662629893,0.6686542454935696,6.25,0.10107874859213294,0.34114796534403447,0.060301958001218736,65.65336496338084,,,,,,
random103,random,1103,gp,0.23442254116089137,0.7753146795335037,3.125,0.05475883527405819,0.8385896140676597,0.7777657499536872,,0.6588089330024814,0.9081885856079405,0.20344704021056317,0.17419327124707137,0.2767706796753011,-168.03005111934317
random104,random,1104,tikhonov_gcv,0.21472040565210948,0.7166392540925163,29.646353064078557,0.04984083241466214,1.3614245994178836e-05,0.009794540994334966,0.14759428953402315,,,,,,
random104,random,1104,tikhonov_tuned,0.2126194740520135,0.743765053761561,29.646353064078557,0.04291920720196134,0.15227902626668707,0.010061667009722441,27.18327522064073,,,,,,
random104,random,1104,mfi,0.17859575295800323,0.7652655889178401,6.25,0.04143473492511006,1.0537351866481048e-05,0.04593454097630456,0.1475950735646268,,,,,,
random104,random,1104,gp,0.18728088216143607,0.8074688897957611,3.125,0.08647334218288116,0.639292430772679,0.7589097080053762,,0.847394540942928,0.9875930521091811,0.19734745707157578,0.1259428753013382,0.21020512382006776,-176.25973479412988
random105,random,1105,tikhonov_gcv,0.31482887069325743,0.6925638396537316,15.93443597997745,0.01966204560260675,0.0900166200751044,0.009141749993432313,16.225203970308918,,,,,,
random105,random,1105,tikhonov_tuned,0.315461304535833,0.6928472053757814,15.93443597997745,0.01997948086819709,0.1409328255742173,0.009804041008464992,23.576941728925224,,,,,,
random105,random,1105,mfi,0.2780701034566406,0.7316250647397453,15.93443597997745,0.011070804607655067,0.16967354077901942,0.05252929200651124,34.956491680439605,,,,,,
random105,random,1105,gp,0.2788978164044342,0.7091377021437096,6.25,0.06969347833116452,0.7645719101351972,0.7426250419812277,,0.5583126550868487,0.794044665012407,0.20624230417233805,0.1690596008385747,0.1820145516266598,-174.66410011736343
random106,random,1106,tikhonov_gcv,0.30002292699021055,0.7109839773568297,3.125,0.08786243479641082,0.3360046902885256,0.009176541992928833,36.753631678072765,,,,,,
random106,random,1106,tikhonov_tuned,0.29436821081331854,0.7140863238043776,3.125,0.07917813197508101,0.2207390461986729,0.009948208054993302,24.1208713430353,,,,,,
random106,random,1106,mfi,0.2907072742745579,0.7241014636689872,3.125,0.07602899470824691,0.4710351262511391,0.05018583295168355,79.18377042642342,,,,,,
random106,random,1106,gp,0.3320270309268723,0.5905508800265101,6.987712429686843,0.05594549190849996,0.895830002499166,0.7532785829971544,,0.5521091811414393,0.9267990074441688,0.2290557078510757,0.15968181495887637,0.12860230424686908,-164.59436981846454
random107,random,1107,tikhonov_gcv,0.2953016336192195,0.7412827607159822,0.0,0.03886562431473203,0.10483104489578457,0.009499792009592056,34.74911549251281,,,,,,
random107,random,1107,tikhonov_tuned,0.29528215009149755,0.7404551951370816,0.0,0.0390501941944789,0.0969321707546549,0.010021125024650246,32.57597389666024,,,,,,
random107,random,1107,mfi,0.20194737644940253,0.867624855588996,0.0,0.02082947983083637,0.2756498446852203,0.05319595796754584,161.29544261281407,,,,,,
random107,random,1107,gp,0.28786102558011795,0.7459743383087275,3.125,0.005723160402983753,0.5797139192209888,0.7987319999956526,,0.6476426799007444,0.8771712158808933,0.18297213331486117,0.16246878685302585,0.11747390583984132,-199.6275367751727
random108,random,1108,tikhonov_gcv,0.3428314308449927,0.6666931512383344,41.10295761864345,0.007143615874453824,0.03317624335321054,0.00948187499307096,9.357513358385955,,,,,,
random108,random,1108,tikhonov_tuned,0.3424323673903525,0.6685525175671214,41.10295761864345,0.007465650255627538,0.13230963959673614,0.010113583004567772,26.260993163286308,,,,,,
random108,random,1108,mfi,0.28928341708786537,0.758653968801213,41.10295761864345,0.017138188154309866,0.009497623177180135,0.05375308298971504,6.375319204719394,,,,,,
random108,random,1108,gp,0.299084162070822,0.7291980442407893,4.419417382415922,0.017358484093031812,0.7765348605695575,0.8159846249618568,,0.607940446650124,0.869727047146402,0.1756552945510803,0.1396489447410818,0.2242648587838874,-176.12148766133515
random109,random,1109,tikhonov_gcv,0.3619113654704049,0.6958637279045451,6.987712429686843,0.0037814908666147225,0.18265603179830114,0.009015416959300637,60.2125256889573,,,,,,
random109,random,1109,tikhonov_tuned,0.36147448943514565,0.6955704724891579,6.987712429686843,0.009929784654252587,0.1047314845289527,0.009751584031619132,38.32560781789368,,,,,,
random109,random,1109,mfi,0.21288241972663488,0.8655513934048161,3.125,0.02481236530106069,0.1687460503614149,0.053630833979696035,129.73023256368242,,,,,,
random109,random,1109,gp,0.33893416047728925,0.6951844281515217,3.125,0.012444294554940387,0.5906522260189768,0.8247730410075746,,0.6439205955334988,0.8808933002481389,0.1573130196814819,0.14454490654912752,0.09943418722500749,-210.23282072354385
random110,random,1110,tikhonov_gcv,0.28977375764895674,0.629784792983763,87.72293029761374,0.02257816351407429,1.6446557368597946e-05,0.010165165993385017,0.08176501795329469,,,,,,
random110,random,1110,tikhonov_tuned,0.28367883114130654,0.6477822172623451,90.84026158592896,0.024691278033532275,0.21489334174292626,0.009727791999466717,23.047346862572603,,,,,,
random110,random,1110,mfi,0.2916945513770466,0.6652270628837038,6.25,0.04333243779208746,0.19454135325142335,0.044432458002120256,25.856410815463565,,,,,,
random110,random,1110,gp,0.21925771240648265,0.7860369704006407,3.125,0.029480520031060234,0.8270462972451109,0.8305045000161044,,0.6116625310173698,0.9379652605459057,0.24749352282934622,0.15482243696969428,0.37447253253951185,-157.7842293289383
random111,random,1111,tikhonov_gcv,0.3531442170518102,0.515674289718526,15.93443597997745,0.08570501041132568,0.1555726361550639,0.009718540997710079,19.218812894112563,,,,,,
random111,random,1111,tikhonov_tuned,0.35451409962848784,0.5134557991941375,15.93443597997745,0.08759867639413246,0.2749682990843553,0.009526667010504752,32.778189924115075,,,,,,
random111,random,1111,mfi,0.34415386683161575,0.5285470186959131,15.93443597997745,0.08102128819819991,0.14395632038154324,0.0351897919899784,19.218760419695304,,,,,,
random111,random,1111,gp,0.3361119716529666,0.5293902666909315,3.125,0.06051240228992032,0.8410568386779398,1.1098090420127846,,0.4838709677419355,0.8287841191066998,0.17037086137190155,0.12521916613970693,0.3033156090661184,-163.86804022921984
random112,random,1112,tikhonov_gcv,0.3631334454652142,0.6330057612780629,6.25,0.04545747201859887,0.3872465494513108,0.009300415986217558,42.55841946700636,,,,,,
random112,random,1112,tikhonov_tuned,0.3628236273841657,0.6307944719286709,6.25,0.0434113085862546,0.21888444943577157,0.010078292049001902,24.447913727364384,,,,,,
random112,random,1112,mfi,0.3470795763328682,0.6663253698852497,6.25,0.039023878524049184,0.4019891380066376,0.049637541989795864,62.46766281160537,,,,,,
random112,random,1112,gp,0.28339172391637124,0.7403264921914001,4.419417382415922,0.004582682246775404,0.9531745067972817,1.1394459590082988,,0.6861042183622829,0.9540942928039702,0.18963705728381938,0.11979244455252722,0.22354027133206253,-162.27580443343766
random113,random,1113,tikhonov_gcv,0.3725464472451199,0.5862803756816265,0.0,0.0486758301291112,0.192395327549111,0.011223541980143636,56.554407418266884,,,,,,
random113,random,1113,tikhonov_tuned,0.36989056571025447,0.5884884966811528,0.0,0.05071031373070026,0.12461273335475458,0.010931540979072452,38.92934404187613,,,,,,
random113,random,1113,mfi,0.25299842061807426,0.7467457720283053,0.0,0.01530330925296061,8.423886796262254e-06,0.058792750001885,0.2625026328785997,,,,,,
random113,random,1113,gp,0.25755521808224024,0.7490881140457879,0.0,0.01916821772365814,0.6274585441866312,0.8665932500152849,,0.6191066997518611,0.9416873449131513,0.16327478036313153,0.14289929384933106,0.15361690467705863,-199.20051359080503
random114,random,1114,tikhonov_gcv,0.40570811397864065,0.5697853342173548,6.25,0.0170106328922163,0.05039052335683106,0.010233750042971224,26.595163948544116,,,,,,
random114,random,1114,tikhonov_tuned,0.4059624981626404,0.5718741312022358,6.25,0.014499802741364566,0.09025755953607056,0.011104791017714888,41.25933004758935,,,,,,
random114,random,1114,mfi,0.28764540341074624,0.7598480400061443,6.25,0.004821146362417873,0.1226583139924142,0.05794058303581551,84.10191754970117,,,,,,
random114,random,1114,gp,0.35330217949847126,0.6323754818185603,6.25,0.00913484677098203,0.6137746210776608,0.8394811250036582,,0.4640198511166253,0.78287841191067,0.15042081225244322,0.15809078505598026,0.15305078317342832,-206.47707150215336
random115,random,1115,tikhonov_gcv,0.3438469228573947,0.43961237696572686,11.267347735824966,0.0655610271456747,0.031242345950151167,0.010412792034912854,6.9939921378499195,,,,,,
random115,random,1115,tikhonov_tuned,0.345082856116564,0.4457160710389107,11.267347735824966,0.07127301054600775,0.21341173237066893,0.010306250012945384,36.241167082442885,,,,,,
random115,random,1115,mfi,0.31881152348226943,0.4882244838324836,11.267347735824966,0.05950583848229311,0.04557495771136372,0.04826725000748411,10.2658123380931,,,,,,
random115,random,1115,gp,0.28286934578095096,0.5514582992621957,6.987712429686843,0.044903952707580616,0.4914023895059548,1.0235973340459168,,0.5682382133995038,0.8933002481389578,0.16327982453042836,0.11456295816055041,0.35762412206711147,-168.69666482676234
random116,random,1116,tikhonov_gcv,0.32089677637417163,0.6905096718297913,9.882117688026186,0.016217602491507988,0.16588833401355466,0.010402792016975582,38.58031330623454,,,,,,
random116,random,1116,tikhonov_tuned,0.32115245208112964,0.6901934745066665,9.882117688026186,0.0162935738335517,0.13846725118335199,0.010520917014218867,32.1408642978815,,,,,,
random116,random,1116,mfi,0.2734916819978473,0.7607871716848242,9.882117688026186,0.005037896250697731,0.20264118373062848,0.045867708045989275,56.62879387822922,,,,,,
random116,random,1116,gp,0.3353129220768295,0.6818953531750357,9.882117688026186,0.0496450412699763,0.463698143755253,0.8790221249801107,,0.44044665012406947,0.8114143920595533,0.1852435264794871,0.14557980193917083,0.22775200068047746,-186.07945825095732
random117,random,1117,tikhonov_gcv,0.237419251351296,0.7450301920443785,3.125,0.04135117992443869,1.2423420800915529e-05,0.010262124997097999,0.11376612282548917,,,,,,
random117,random,1117,tikhonov_tuned,0.2273338870563313,0.7836905041475807,3.125,0.047841471080531196,0.16777034711328923,0.010446291998960078,23.761707225335357,,,,,,
random117,random,1117,mfi,0.16605666280682266,0.8635943062529768,3.125,0.014028160673984186,0.4033509232241543,0.056983791990205646,77.509986997892,,,,,,
random117,random,1117,gp,0.20397451842118902,0.8155814386897442,0.0,0.032579466992166246,0.7939439406854343,0.9056472500087693,,0.8684863523573201,0.9851116625310173,0.1827319653350955,0.1206534540901755,0.23443201617029574,-165.7840690583174
random118,random,1118,tikhonov_gcv,0.3589729842370149,0.5945926660431928,6.987712429686843,0.05086696433111198,0.37180314018498556,0.00884341704659164,43.66416378294994,,,,,,
random118,random,1118,tikhonov_tuned,0.35784660536193985,0.5969018894421949,6.987712429686843,0.04941438245846361,0.2923133829985461,0.00898762495489791,32.69521297226696,,,,,,
random118,random,1118,mfi,0.35727481161199093,0.6017413284496731,32.173844190584376,0.05018182417468879,0.45911152474106376,0.040911917050834745,64.09044247497314,,,,,,
random118,random,1118,gp,0.31381572764892224,0.7096919525632346,6.987712429686843,0.012708414849650459,0.7192681678107419,1.0595932499854825,,0.5235732009925558,0.8300248138957816,0.1612261882927455,0.13646319982178418,0.2574437468179681,-173.40867245691732
random119,random,1119,tikhonov_gcv,0.29463034798719384,0.7243605446130579,9.375,0.04022306177204798,2.1168572030968757e-05,0.009975124965421855,0.1655510723045528,,,,,,
random119,random,1119,tikhonov_tuned,0.3082340690574193,0.7233043675022808,9.375,0.04420240476546506,0.20410148329923933,0.010281583992764354,33.67604137001465,,,,,,
random119,random,1119,mfi,0.30846558189599316,0.7231695686623051,9.375,0.057858976415969626,0.2306099164143586,0.04601658298633993,52.35192731037675,,,,,,
random119,random,1119,gp,0.1867282224513779,0.891710521014125,0.0,0.014735635017047456,0.6340026345728527,0.9451571670360863,,0.9193548387096774,0.9863523573200993,0.17022719127199168,0.10789921206031046,0.21667585241229737,-177.79971955929733
random120,random,1120,tikhonov_gcv,0.35847743417031064,0.6910843356383686,15.93443597997745,0.010870164966117127,0.15983413026519036,0.010171125002671033,43.06542426137909,,,,,,
random120,random,1120,tikhonov_tuned,0.35847535951649456,0.6910773545438809,15.93443597997745,0.010870213000879519,0.1597142765699588,0.010938707971945405,43.03644578888,,,,,,
random120,random,1120,mfi,0.35044375310029247,0.7327558882380258,15.93443597997745,0.014706799571703505,0.34483342289873387,0.04836295801214874,136.1872978033249,,,,,,
random120,random,1120,gp,0.24351042566075898,0.7053289037091628,3.125,0.046143145391837406,0.8027111455792529,0.9918851249967702,,0.7518610421836228,0.966501240694789,0.19155538846356956,0.15844039172993177,0.13778854273300087,-191.84804560309254
random121,random,1121,tikhonov_gcv,0.36848441223850154,0.6872331090157119,58.96238207535377,0.010720863805655647,0.2676618148913529,0.010250166000332683,30.543237483910534,,,,,,
random121,random,1121,tikhonov_tuned,0.3697793940388221,0.6836627614384145,58.96238207535377,0.010035894831553751,0.22911297202399794,0.010116167017258704,25.86799134280855,,,,,,
random121,random,1121,mfi,0.3863800284061164,0.692715183792094,57.36737422089318,0.004963512620853431,0.2720087200727202,0.046779083961155266,44.832118407004074,,,,,,
random121,random,1121,gp,0.3387196632778479,0.714519939420493,43.41388746703064,0.015429297263115751,0.9078751514417895,0.932653791969642,,0.6042183622828784,0.792803970223325,0.22926043625618123,0.17447932750714093,0.29238329512405403,-163.06893559044244
random122,random,1122,tikhonov_gcv,0.29674632195840883,0.6297298822800862,3.125,0.0649445069410942,0.25054065948983223,0.010357749997638166,44.31311001787691,,,,,,
random122,random,1122,tikhonov_tuned,0.294922470626212,0.6302568192964939,3.125,0.06408485501989372,0.18778469561953992,0.010783165984321386,33.448771889193125,,,,,,
random122,random,1122,mfi,0.27976313838555283,0.6610288128345061,3.125,0.07221819224965471,0.3658205185185771,0.04875399998854846,95.47053633366208,,,,,,
random122,random,1122,gp,0.27905459167291957,0.6364968616139349,0.0,0.012341494663354517,0.7571048414501432,0.8133528340258636,,0.5173697270471465,0.8498759305210918,0.32380522983297755,0.22008202231751303,0.2890500502232841,-179.148343791478
random123,random,1123,tikhonov_gcv,0.21040803241202716,0.7811426932047763,6.987712429686843,0.004142747380253756,0.046765085816720675,0.01026149996323511,11.031709775556257,,,,,,
random123,random,1123,tikhonov_tuned,0.20914450180806238,0.7953549865344034,6.987712429686843,0.011699726022176197,0.18709962984688755,0.010450374975334853,33.016757356480646,,,,,,
random123,random,1123,mfi,0.1912125608703043,0.8232329891055757,6.987712429686843,0.005129777822985894,8.285768727368151e-06,0.0519039579667151,0.16192260652736565,,,,,,
random123,random,1123,gp,0.20670873379136942,0.7899058325089735,0.0,0.03384712381897513,0.9499814954612419,0.7751688749995083,,0.7543424317617866,0.9739454094292804,0.19582105391982627,0.1521935928253979,0.25487297631300754,-172.75856400259704
random124,random,1124,tikhonov_gcv,0.25134450450140133,0.7187569799990753,6.987712429686843,0.04084610856088942,1.3132378268721126e-05,0.009909291984513402,0.1369163937157456,,,,,,
random124,random,1124,tikhonov_tuned,0.25140848724427123,0.7428485500604399,6.987712429686843,0.03692316452679184,0.13656283930014945,0.010999542020726949,25.25068259251949,,,,,,
random124,random,1124,mfi,0.1824754015654198,0.8408520844607222,6.987712429686843,0.03795170929649896,0.37398077352025205,0.057273166021332145,93.28177491089002,,,,,,
random124,random,1124,gp,0.15183933484725887,0.8489199805160764,3.125,0.012419255527792283,0.691928075087341,1.0371077500167303,,0.8660049627791563,0.9925558312655087,0.21210120103341432,0.16211123854045045,0.15144256646881632,-180.06330029142737
random125,random,1125,tikhonov_gcv,0.2443268126651493,0.7712480229762243,0.0,0.0004285695532852992,0.11459686874063271,0.01090674998704344,30.023963534341352,,,,,,
random125,random,1125,tikhonov_tuned,0.24468621660330603,0.7752248875076929,0.0,0.00029167821791650035,0.14750097984795815,0.010677166981622577,36.75024538541941,,,,,,
random125,random,1125,mfi,0.20138325619402947,0.8401972102752172,0.0,0.01253175469138529,0.03272283644985961,0.050413459015544504,20.455157572502603,,,,,,
random125,random,1125,gp,0.273121325543111,0.6718309309783136,3.125,0.012118012910537157,0.5011528659522074,0.9156046250136569,,0.7853598014888338,0.9590570719602978,0.17021096315272957,0.10803718261023929,0.20968835831398364,-186.90406957772888
random126,random,1126,tikhonov_gcv,0.32692660184071215,0.577960447897588,8.838834764831844,0.016482111681214173,0.17132398204895655,0.01018058304907754,24.243565157563232,,,,,,
random126,random,1126,tikhonov_tuned,0.3284645481046386,0.5782041094427044,8.838834764831844,0.014481887230651651,0.229553501649263,0.010518042021431029,31.94351123534517,,,,,,
random126,random,1126,mfi,0.31184684134875984,0.6041978878820929,8.838834764831844,0.021700818106567595,0.2639700375275598,0.047346833045594394,52.23162947859013,,,,,,
random126,random,1126,gp,0.26214020198818244,0.7099508441288109,8.838834764831844,0.006547806257038487,0.6422722615863113,0.912875666981563,,0.7084367245657568,0.9615384615384616,0.21739694560426084,0.13987933101131222,0.3154315328286553,-170.74367091061674
random127,random,1127,tikhonov_gcv,0.3042065538316335,0.7409418847112124,9.882117688026186,0.04698044962354521,0.08421116152919883,0.008863875002134591,22.670976569437663,,,,,,
random127,random,1127,tikhonov_tuned,0.3034012917394743,0.7453418698431016,9.882117688026186,0.045143759376894105,0.12990122933637605,0.0092539579491131,33.19660447449431,,,,,,
random127,random,1127,mfi,0.2764354601190534,0.7673154841323283,4.419417382415922,0.0344378004124841,0.007434942811377701,0.041231082985177636,7.169351330672694,,,,,,
random127,random,1127,gp,0.27644340702268105,0.6808110788813561,8.838834764831844,0.0846353530723446,0.5393652517807472,0.8851076660212129,,0.5198511166253101,0.8957816377171216,0.19074934503950072,0.14859913767738586,0.20672377497844932,-186.52207728521745
random128,random,1128,tikhonov_gcv,0.5573487855047793,0.45943956954042064,3.125,0.07161875952694637,0.2092182214193293,0.008904874965082854,63.65742848395157,,,,,,
random128,random,1128,tikhonov_tuned,0.5568115328327082,0.45949775808083737,3.125,0.07112676072973596,0.18228545705103724,0.009254665987100452,55.95800377143217,,,,,,
random128,random,1128,mfi,0.4806758424289375,0.5410934510743185,3.125,0.05640820050132274,0.22753858674551555,0.041236958000808954,93.4372164202421,,,,,,
random128,random,1128,gp,0.4961049530529123,0.5166128604340903,3.125,0.03939894869766097,0.6713734034974221,0.9200241250218824,,0.47766749379652607,0.760545905707196,0.12268085157274086,0.13183973421096254,0.14958173743320788,-204.8874750887154
random129,random,1129,tikhonov_gcv,0.25579236412283374,0.7001213388465407,15.625,0.021509231389867458,1.1216496159272097e-05,0.00986320897936821,0.08423391455329393,,,,,,
random129,random,1129,tikhonov_tuned,0.24716823092652276,0.7189589088784316,19.764235376052373,0.021232062524347797,0.18023667577442587,0.010298582958057523,21.685092326927343,,,,,,
random129,random,1129,mfi,0.2220829320137078,0.7543184152582354,19.764235376052373,0.006912851924477063,0.4185543302622359,0.05849516700254753,57.38873717465227,,,,,,
random129,random,1129,gp,0.20741157793752005,0.7855847571732456,12.5,0.007852087182081855,0.8091528200945546,0.8653044159873389,,0.7009925558312655,0.9305210918114144,0.22116168673103678,0.15117736626337563,0.28737171124607136,-161.74788073570323
random130,random,1130,tikhonov_gcv,0.3378199098841681,0.5870590577675063,55.28689379048166,0.006467497729665995,0.2466206534882083,0.009853124967776239,49.81630295040211,,,,,,
random130,random,1130,tikhonov_tuned,0.3375679403299863,0.5885934315482904,55.28689379048166,0.009733459186335279,0.14125971131447984,0.010437415970955044,28.03008922619982,,,,,,
random130,random,1130,mfi,0.35425217422298816,0.5932877073483399,55.28689379048166,0.03298997232205125,0.26584168312599094,0.05427641700953245,73.12109154323716,,,,,,
random130,random,1130,gp,0.32655575424506056,0.6328588772747068,46.875,0.002908995132293571,0.5055356593176558,0.8342275419854559,,0.5372208436724566,0.8796526054590571,0.19368356203620524,0.1334023672383587,0.24653903862104887,-184.59558290501423
random131,random,1131,tikhonov_gcv,0.3726370679620933,0.6361441052462103,19.764235376052373,0.04254569937097907,1.1183875240138352e-05,0.010059374966658652,0.09696309224349635,,,,,,
random131,random,1131,tikhonov_tuned,0.36513038801337117,0.6502917261720949,12.88470508005519,0.050614483231492105,0.16714071475582895,0.010728249966632575,25.687534816496452,,,,,,
random131,random,1131,mfi,0.3693659971877734,0.6393567135668902,12.88470508005519,0.0566148502414207,0.18671184422369602,0.04799083300167695,30.662719415254774,,,,,,
random131,random,1131,gp,0.3321942327092402,0.692052597956683,0.0,0.011136788234688385,0.6609286531163266,0.8898895409656689,,0.49007444168734493,0.8374689826302729,0.20312299636426925,0.14683431314580525,0.2439524998242849,-172.12843336396264
random132,random,1132,tikhonov_gcv,0.35707591657025767,0.5930341372147183,20.00976324197765,0.10473336616206022,0.06745918756614305,0.008981166989542544,10.390046676823632,,,,,,
random132,random,1132,tikhonov_tuned,0.3626783360586182,0.5922085806735402,20.00976324197765,0.10971858082421732,0.21216014241307768,0.009302707971073687,27.688182692237817,,,,,,
random132,random,1132,mfi,0.37439661421029263,0.5726811012092804,22.534695471649933,0.11390303391822534,0.05907293612591581,0.03545883297920227,10.390090341258487,,,,,,
random132,random,1132,gp,0.31686514565250434,0.7145107453392241,0.0,0.0956308667656955,0.6551551077392583,1.0290020420216024,,0.47270471464019853,0.8535980148883374,0.16827103147904446,0.12111809593568681,0.3465711882152083,-165.03452467008782
random133,random,1133,tikhonov_gcv,0.31655869004693654,0.7368615378320806,91.10862335695782,0.02478482311757797,0.0555948561059458,0.009892040980048478,21.884646987028912,,,,,,
random133,random,1133,tikhonov_tuned,0.31860287642558716,0.7390805686658471,91.10862335695782,0.028602805534977075,0.17876945206560713,0.010472290974576026,54.7642334969841,,,,,,
random133,random,1133,mfi,0.28056453244781765,0.7710300733500528,91.10862335695782,0.020058723856203244,0.11277340589948744,0.04811425000661984,47.14913089746762,,,,,,
random133,random,1133,gp,0.3378864947378486,0.7386201191866189,91.10862335695782,0.030200577054022352,0.506394953963418,0.9913297080202028,,0.6935483870967742,0.9255583126550868,0.12921354882782443,0.10219201117981591,0.24049271116169058,-195.75450548265303
random134,random,1134,tikhonov_gcv,0.32843563391935954,0.7443713466638954,3.125,0.05410362106491972,0.3598909597203578,0.010268666956108063,44.27664105508867,,,,,,
random134,random,1134,tikhonov_tuned,0.32260233861949206,0.7414006165217758,3.125,0.05585703075916107,0.17348468848983886,0.010796167014632374,21.364821869034557,,,,,,
random134,random,1134,mfi,0.2250285697756734,0.8525136943413953,6.987712429686843,0.00116130916754626,0.2847203990965259,0.06035724998218939,64.99140984909819,,,,,,
random134,random,1134,gp,0.23243457388152455,0.754374804206984,6.987712429686843,0.021757892029074057,0.9515415480964948,1.0339431250467896,,0.5719602977667494,0.9069478908188585,0.2124670237998816,0.1742472416700845,0.23251965002138542,-172.03097129375965
random135,random,1135,tikhonov_gcv,0.2694937721792118,0.7697461604332652,4.419417382415922,0.031187102340114715,1.2136579629137568e-05,0.010130541981197894,0.24609225553474084,,,,,,
random135,random,1135,tikhonov_tuned,0.2641097115714269,0.7861488173499815,3.125,0.0234907608296365,0.11604330976095034,0.010378208011388779,41.81282876213345,,,,,,
random135,random,1135,mfi,0.2494294689468971,0.8107447650141906,4.419417382415922,0.015965252043872852,0.07594841712726207,0.04752733395434916,36.12167682078512,,,,,,
random135,random,1135,gp,0.2338212987231273,0.8526292737985215,3.125,0.038845669617349636,0.6098654775739454,1.0113310409942642,,0.8821339950372209,0.9689826302729528,0.1714567512528427,0.12685138361908763,0.20589599639732814,-192.25225022427128
random136,random,1136,tikhonov_gcv,0.3140169751752568,0.6637874711238193,35.35533905932738,0.006369072078934988,1.3583097469595624e-05,0.009491375007200986,0.07744758849624642,,,,,,
random136,random,1136,tikhonov_tuned,0.323787457360615,0.6550480348517314,39.7747564417433,0.002457770802011791,0.1744236491710465,0.009538208018057048,19.03243984640686,,,,,,
random136,random,1136,mfi,0.271275834766132,0.7602643817830143,26.700011704117284,0.04571402094601463,0.00011410543521417287,0.05111408303491771,0.07745333121123446,,,,,,
random136,random,1136,gp,0.21310059890574443,0.8254483000198612,6.987712429686843,0.039012733408349064,0.7116669168340186,0.9375462080352008,,0.6501240694789082,0.8821339950372209,0.24798101806225772,0.17385729011439827,0.23850297808023616,-164.70401364345867
random137,random,1137,tikhonov_gcv,0.4701760435767763,0.5418731097945572,22.09708691207961,0.10499450927613416,0.2956972608111581,0.011037875025067478,70.39476232031632,,,,,,
random137,random,1137,tikhonov_tuned,0.4687211400120925,0.5449348888010463,22.09708691207961,0.107983944476845,0.20300275473822899,0.01157237496227026,48.60826170006105,,,,,,
random137,random,1137,mfi,0.480405645914156,0.5375763040834645,18.221724671391566,0.11704051607017309,0.15810091544223004,0.04491412499919534,47.95952900745641,,,,,,
random137,random,1137,gp,0.3483244596452863,0.7371595633075653,6.25,0.10238276117385571,0.7171861700681786,0.9534952079993673,,0.5794044665012407,0.8982630272952854,0.15186209549420152,0.1364973580134604,0.2284584855845061,-192.62478972532836
random138,random,1138,tikhonov_gcv,0.41006555693767244,0.5297927652858919,20.96313728906053,0.03545816427027312,0.47105413764142173,0.010205208032857627,57.38982850794222,,,,,,
random138,random,1138,tikhonov_tuned,0.41417142942455637,0.5269373707249215,20.96313728906053,0.04373657020465255,0.2729944504545076,0.011447791999671608,31.287905281862802,,,,,,
random138,random,1138,mfi,0.412642442545755,0.5444336907372372,20.96313728906053,0.0418081079971064,0.5508817336589744,0.05077370803337544,84.23737761364384,,,,,,
random138,random,1138,gp,0.4662303441928824,0.5131526065635258,24.407030237208293,0.09498376376640386,0.9718269287861369,1.0650357090053149,,0.4143920595533499,0.7233250620347395,0.16043773164434957,0.11638158393265602,0.21034168632980604,-163.52661104619
random139,random,1139,tikhonov_gcv,0.3099700153056577,0.6108124646246219,8.838834764831844,0.053442442759857114,1.7881609635065012e-05,0.010028875025454909,0.1422262624027143,,,,,,
random139,random,1139,tikhonov_tuned,0.2981954685653141,0.6396667220244973,8.838834764831844,0.05693844509495544,0.19512517974447266,0.011074625013861805,28.894576887632788,,,,,,
random139,random,1139,mfi,0.2667468771759528,0.6749510781065822,6.25,0.04067404140843171,1.251968948304769e-05,0.048195417039096355,0.1422256870470926,,,,,,
random139,random,1139,gp,0.28359676500825154,0.6459874187171726,4.419417382415922,0.05647210771593508,0.6905084123358487,1.036473207990639,,0.749379652605459,0.9851116625310173,0.19677012204284777,0.10648121288529225,0.2977273019283342,-167.30828549508124
random140,random,1140,tikhonov_gcv,0.32405294645288557,0.687397748283678,4.419417382415922,0.06827765835276293,0.36453805912759507,0.010473874979652464,33.7672187990394,,,,,,
random140,random,1140,tikhonov_tuned,0.3181069693810253,0.6902547803249205,4.419417382415922,0.06554537256024456,0.22990436318556653,0.010596957989037037,20.16955301646562,,,,,,
random140,random,1140,mfi,0.3238902605519566,0.6939424373950448,4.419417382415922,0.0847240599490665,0.28520947079341674,0.04769100004341453,33.767219262643756,,,,,,
random140,random,1140,gp,0.21550502618478037,0.8433260323950794,73.22109071162488,0.02062142874408167,0.5895724431077891,0.9564641250181012,,0.7977667493796526,0.9751861042183623,0.22987993327757827,0.12246670824681477,0.3632708467547223,-157.29062250125975
random141,random,1141,tikhonov_gcv,0.37017576815896275,0.558455911864866,6.987712429686843,0.008688613679100673,0.007602723746587538,0.01079366699559614,4.274315303083488,,,,,,
random141,random,1141,tikhonov_tuned,0.3756422663554099,0.5567720447573824,6.987712429686843,0.005535196118990315,0.12853824597816718,0.01049408398102969,31.494913432772382,,,,,,
random141,random,1141,mfi,0.34556286292721994,0.5962193720087279,6.987712429686843,0.010838392077324855,0.00428290430890828,0.045846541004721075,4.274298736035506,,,,,,
random141,random,1141,gp,0.25349032474887756,0.7684901053169386,4.419417382415922,0.013966315156094951,0.5319504007813958,0.8953453340218402,,0.598014888337469,0.9267990074441688,0.22722947734359958,0.156852138557518,0.2814472875596742,-181.91317049149802
random142,random,1142,tikhonov_gcv,0.30638013415146254,0.6907418180559048,6.25,0.0016371163137678527,0.009648413589505824,0.010221040982287377,7.52581929866225,,,,,,
random142,random,1142,tikhonov_tuned,0.31036116487146714,0.6953370548283816,6.25,0.00020056585151474003,0.118281961873458,0.010574040992651135,38.26293781994846,,,,,,
random142,random,1142,mfi,0.21143941892700002,0.812304676875539,6.25,0.010887404468389685,0.06094986905803163,0.05768970801727846,34.932555733312505,,,,,,
random142,random,1142,gp,0.2387070847383902,0.7912378277090777,3.125,8.315618733231265e-05,0.5217326211948604,0.9251835420145653,,0.7990074441687345,0.9764267990074442,0.15391787391240502,0.12244870750687277,0.18504336459054674,-197.3131707586432
random143,random,1143,tikhonov_gcv,0.4210608045890306,0.4901724106429373,87.16453550613346,0.03703110954012775,0.008928102019567829,0.009600833000149578,5.185045925191964,,,,,,
random143,random,1143,tikhonov_tuned,0.42381569111877404,0.5015997172598582,87.16453550613346,0.030342505867375885,0.2107850387199884,0.009858790959697217,46.66280968946455,,,,,,
random143,random,1143,mfi,0.40369526671632916,0.5142370576560116,87.16453550613346,0.034934170807514785,0.011282575648134858,0.03614554100204259,7.610652569514363,,,,,,
random143,random,1143,gp,0.4166950858707484,0.5102713343417813,83.03331409741514,0.029224472718554037,0.4228364956540871,1.0875650420202874,,0.6042183622828784,0.8833746898263027,0.14107740829914342,0.07859646773618506,0.25344246386885333,-180.9969489331836
random144,random,1144,tikhonov_gcv,0.6092862246160862,0.6050188864234293,9.882117688026186,0.1233101936193727,0.10699777884136388,0.009329165972303599,54.59184073731768,,,,,,
random144,random,1144,tikhonov_tuned,0.6090502928989082,0.6046683680344742,9.882117688026186,0.12305542951218251,0.10108090481504166,0.00995941599830985,52.188627926467156,,,,,,
random144,random,1144,mfi,0.4670338546433358,0.6868797388326949,6.987712429686843,0.08198828245792708,0.0033357972274991174,0.05552887497469783,11.761859070883592,,,,,,
random144,random,1144,gp,0.5909840043896448,0.5985179875946606,9.882117688026186,0.037931406549392456,0.7194751201720311,0.9341880839783698,,0.6799007444168734,0.8312655086848635,0.15040290024075392,0.14887014218582814,0.06541045511609757,-211.810183530825
random145,random,1145,tikhonov_gcv,0.31488232414840417,0.6435948818945353,35.63048203434806,0.005885224688764557,0.09415068916210373,0.01021179201779887,16.00788653690628,,,,,,
random145,random,1145,tikhonov_tuned,0.3156479603470299,0.6518400041577462,35.63048203434806,0.006018326925956029,0.17966570263101098,0.010392791999038309,26.510484580251806,,,,,,
random145,random,1145,mfi,0.2955051498732611,0.7145941298095226,9.375,0.01890726479742038,0.5896564707725089,0.04808479204075411,109.06345025812536,,,,,,
random145,random,1145,gp,0.24839621666101974,0.7596795824230942,6.25,0.007217078382121943,0.9178265307484952,0.8393218329874799,,0.6947890818858561,0.9590570719602978,0.2094753117510945,0.14080618909144288,0.19220498477270723,-170.1030979440456
random146,random,1146,tikhonov_gcv,0.38575399442997726,0.558407046815528,33.65728004459065,0.06992896990649387,0.32220647876401,0.008721541962586343,35.744987169216984,,,,,,
random146,random,1146,tikhonov_tuned,0.38463582749583775,0.5580400379647106,33.65728004459065,0.06970630500158723,0.22273687456164565,0.00960429199039936,24.938869338787185,,,,,,
random146,random,1146,mfi,0.4106425928715999,0.5552376448137647,33.65728004459065,0.08387855749652932,0.5230053204425169,0.04210941697238013,77.01173365207033,,,,,,
random146,random,1146,gp,0.31519534993796094,0.6970530225946696,29.646353064078557,0.04355622758166378,0.8828922716354444,0.8785414170124568,,0.6377171215880894,0.8647642679900744,0.23072462861303816,0.1429304897813141,0.2731767015745853,-162.37807767097456
random147,random,1147,tikhonov_gcv,0.38939359308326454,0.6015825832621065,0.0,0.12610894351430396,1.0159997933467612e-05,0.009784625028260052,0.12881921986587727,,,,,,
random147,random,1147,tikhonov_tuned,0.3979730508845262,0.5972301171329586,3.125,0.13023116315163738,0.15644230410272397,0.010138084006030113,32.354256014641855,,,,,,
random147,random,1147,mfi,0.36745416245788043,0.6313559351996376,3.125,0.12901043924422786,0.024807284624031496,0.05699091695714742,8.776417033012354,,,,,,
random147,random,1147,gp,0.34231618016834503,0.6905910306286337,0.0,0.11121776907879966,0.5658866817793388,0.9278920830111019,,0.5558312655086849,0.8411910669975186,0.14446539806660802,0.11585835660832332,0.27904442801261314,-183.81163404943368
random148,random,1148,tikhonov_gcv,0.19861071444510775,0.8234181781308795,93.75,0.0021985028985840563,0.028328829750392834,0.009611082961782813,10.162801432261478,,,,,,
random148,random,1148,tikhonov_tuned,0.20046031737186149,0.8308142057824013,93.75,0.005674871628662971,0.12127768692362488,0.010153541981708258,31.235118076442532,,,,,,
random148,random,1148,mfi,0.19214424725826118,0.8277500463222242,93.75,0.024613987443106132,4.292674077277397e-06,0.05116829095641151,0.14917186458308673,,,,,,
random148,random,1148,gp,0.19306528786111882,0.8552387562414691,90.67886330341818,0.02402655054750533,0.5148567556201903,0.7168754170415923,,0.8684863523573201,0.9801488833746899,0.23846518867729832,0.16001372639193548,0.24813116235969274,-182.59509172592482
random149,random,1149,tikhonov_gcv,0.23360533256369226,0.7954342960585487,25.194555463432966,0.032013193152954166,1.0961508601179507e-05,0.009377415990456939,0.11992287448322468,,,,,,
random149,random,1149,tikhonov_tuned,0.23277734306639972,0.8125855632437935,25.194555463432966,0.036907254068406316,0.15564300104138187,0.009200792002957314,27.560893086667967,,,,,,
random149,random,1149,mfi,0.22987661060272202,0.8191418800322723,25.194555463432966,0.043227610528763734,8.479504700443072e-06,0.04211587499594316,0.11992395586928015,,,,,,
random149,random,1149,gp,0.22664284398604786,0.820487324495137,12.88470508005519,0.04067186389201405,0.6839900624776251,0.9076922910171561,,0.607940446650124,0.8808933002481389,0.21565856850686213,0.18426012574088238,0.29194466517169554,-179.81702544860678
random150,random,1150,tikhonov_gcv,0.36984164858210616,0.716664456485401,13.975424859373685,0.07720854728846542,0.4322654368467792,0.009149082994554192,116.6476667710301,,,,,,
random150,random,1150,tikhonov_tuned,0.36663450092459926,0.7178357306156172,9.882117688026186,0.0762461846947238,0.2092589619591757,0.011476583022158593,50.03146287374316,,,,,,
random150,random,1150,mfi,0.341855162052949,0.7829307054528692,9.882117688026186,0.06923429154534246,0.4476368258548535,0.04429316701134667,171.21607256556078,,,,,,
random150,random,1150,gp,0.32408279581673394,0.7879756123871501,11.267347735824966,0.0966157171476013,0.6420954070140233,0.8956321670557372,,0.6327543424317618,0.8796526054590571,0.1562193919215151,0.1449578346241865,0.15975289075615562,-199.7198632775822
random151,random,1151,tikhonov_gcv,0.532628069839051,0.5076572736973417,0.0,0.02473158691570544,0.0380566533246806,0.009783832996618003,13.413035943100551,,,,,,
random151,random,1151,tikhonov_tuned,0.529278423341298,0.5152257451066439,0.0,0.029762297377933573,0.11315302887266249,0.01065762498183176,28.737959355400992,,,,,,
random151,random,1151,mfi,0.35160089270820183,0.749182174860808,0.0,0.03899640420584455,7.852252673746174e-06,0.05757608299609274,0.28898119371471853,,,,,,
random151,random,1151,gp,0.504523524179344,0.4943540526095443,3.125,0.04579846103585765,0.7045749189956638,0.9167598329950124,,0.44292803970223327,0.8424317617866005,0.17046621285400448,0.1304330376737865,0.12477701456167896,-190.61442040853132
random152,random,1152,tikhonov_gcv,0.2990041037889931,0.7444736982548074,6.987712429686843,0.01496446718821979,0.2675971074373171,0.009034542017616332,80.87569662232636,,,,,,
random152,random,1152,tikhonov_tuned,0.29689740064970244,0.7417721707244985,6.987712429686843,0.01296564856315066,0.16141083604709625,0.00950899999588728,49.774777649281674,,,,,,
random152,random,1152,mfi,0.2800330505349393,0.801256992417826,6.987712429686843,0.0424562732795858,0.3004564594061132,0.04383595898980275,118.70932597851719,,,,,,
random152,random,1152,gp,0.26642000507233243,0.7510878281872887,0.0,0.018594277347879,0.5559325559738769,0.8353760000318289,,0.705955334987593,0.9354838709677419,0.15408030268442213,0.14275606760951742,0.16032962632302714,-203.92220618122332
random153,random,1153,tikhonov_gcv,0.41803893889577226,0.5408673884968386,8.838834764831844,0.035725626562118015,0.0053528466369864225,0.010487791965715587,4.534849388001069,,,,,,
random153,random,1153,tikhonov_tuned,0.41801265027415024,0.5404818292752224,8.838834764831844,0.0387924980036076,0.123679495377266,0.010741042031440884,36.138690012491,,,,,,
random153,random,1153,mfi,0.3891524607428547,0.5907516742375879,8.838834764831844,0.06473817712330031,0.1293402893094528,0.05708966596284881,45.34895214920124,,,,,,
random153,random,1153,gp,0.36298538318647117,0.6638332004972766,3.125,0.018245583423418137,0.6608519053132402,0.8556193750118837,,0.41811414392059554,0.8039702233250621,0.19453616916206543,0.152341147709932,0.15819565209161848,-189.8182264774319
random154,random,1154,tikhonov_gcv,0.413488542053019,0.5495323496948524,4.419417382415922,0.009190693478588224,0.4535240161261263,0.011320582998450845,61.403816885645604,,,,,,
random154,random,1154,tikhonov_tuned,0.4135478448583316,0.5489962999355473,3.125,0.012921460062114407,0.2551681554783876,0.010916832950897515,33.225670946052574,,,,,,
random154,random,1154,mfi,0.3553381863150868,0.6470825949579407,3.125,0.004633332429764611,0.18059670644117293,0.06280458404216915,28.501386216425644,,,,,,
random154,random,1154,gp,0.3677969513785939,0.6256703667600302,6.987712429686843,0.04149269425301332,1.0988914685120887,0.9647459160187282,,0.3411910669975186,0.6960297766749379,0.16366370889355403,0.15665744630845765,0.20064954758919978,-169.97363601756115
random155,random,1155,tikhonov_gcv,0.24936718401227462,0.804807454527452,6.25,0.07631138783330785,1.839135257304287e-05,0.010018708009738475,0.228572787305999,,,,,,
random155,random,1155,tikhonov_tuned,0.256001460909748,0.8121978003073401,6.25,0.0827098689946033,0.1494942375924498,0.010573667008429766,43.20110914159509,,,,,,
random155,random,1155,mfi,0.20899841025903754,0.8530108682499321,6.25,0.051185831683969465,6.390913205605785e-06,0.04907716700108722,0.22857369497145633,,,,,,
random155,random,1155,gp,0.230413829711081,0.8115378588791375,0.0,0.07700968283497032,0.6489539421281866,1.0714370000059716,,0.6153846153846154,0.93424317617866,0.18841325089450608,0.15474128558584155,0.24568526871821397,-193.02643130881438
random156,random,1156,tikhonov_gcv,0.25455156302015036,0.6993140770680544,28.298078556679428,0.019759744665027387,0.08334825970796518,0.010436916956678033,18.00556348480692,,,,,,
random156,random,1156,tikhonov_tuned,0.2538774335563566,0.7021403773887487,28.298078556679428,0.019893262093406416,0.1171215617667713,0.01106345804873854,23.782070979786265,,,,,,
random156,random,1156,mfi,0.21995372057717974,0.7787346300148246,28.298078556679428,0.0033102345345374855,0.1260218733967933,0.04543316696071997,38.79292835295374,,,,,,
random156,random,1156,gp,0.23370560164663412,0.7988251196332705,34.375,0.026781418064425137,0.504717860425823,0.7621477080392651,,0.7593052109181141,0.9851116625310173,0.23694632064180612,0.14155677359003085,0.24563954765435506,-175.33086411253424
random157,random,1157,tikhonov_gcv,0.35258446215272715,0.6518982631724906,3.125,0.04367315711619537,0.12209618804347849,0.01004175003618002,27.495607597116145,,,,,,
random157,random,1157,tikhonov_tuned,0.35255567034828716,0.6519091530947868,3.125,0.043604125766616555,0.10886545432872428,0.010326958959922194,25.121791404806128,,,,,,
random157,random,1157,mfi,0.25431270494476815,0.7955490285441665,3.125,0.020313284143747293,0.30292114672272175,0.05628808302571997,86.94916388606082,,,,,,
random157,random,1157,gp,0.3152578762726987,0.7103312762511886,9.375,0.02166564923946275,0.730272226481259,0.825555749994237,,0.5260545905707196,0.8275434243176178,0.19399668245969087,0.15526679040604566,0.18122349196105775,-186.54759087683988
random158,random,1158,tikhonov_gcv,0.35149277004227053,0.6335140811831029,15.93443597997745,0.029741518826106324,0.13406528695816256,0.009014499955810606,31.704356529125945,,,,,,
random158,random,1158,tikhonov_tuned,0.35212343345254143,0.6339653249817763,15.93443597997745,0.02978189004058607,0.17328614367050188,0.010005957970861346,38.965691210164344,,,,,,
random158,random,1158,mfi,0.3306179536988614,0.6919742376548844,12.88470508005519,0.04072164818300477,0.08598409634607675,0.06366058299317956,31.704384607825038,,,,,,
random158,random,1158,gp,0.29730278682656414,0.7371372069386516,6.987712429686843,0.041502749697832506,0.6916816174730833,0.8870997080230154,,0.6898263027295285,0.9404466501240695,0.16417460009253887,0.11572253138062764,0.1934280991356988,-185.18651215702374
random159,random,1159,tikhonov_gcv,0.26227236069953286,0.7079482215893282,0.0,0.033430828949921464,1.8167349973285897e-05,0.010134999989531934,0.13666477261160426,,,,,,
random159,random,1159,tikhonov_tuned,0.2443351433229778,0.726596792683816,3.125,0.020499754268393823,0.16463342788718094,0.010741750011220574,30.929609169779496,,,,,,
random159,random,1159,mfi,0.22895493434578565,0.7563068392711442,3.125,0.0030922939969794633,0.19926951692950523,0.046671624993905425,43.217402261853564,,,,,,
random159,random,1159,gp,0.27878793283055414,0.692175603725026,4.419417382415922,0.04423185598439941,0.6241283580563102,0.8550211670226417,,0.6253101736972705,0.9379652605459057,0.17443439341073094,0.12166145156472927,0.28885551035434204,-177.44047896787566
random160,random,1160,tikhonov_gcv,0.2756859853466669,0.8153823412750516,6.987712429686843,0.006034750697353766,0.3233195426522323,0.010117541998624802,52.4597182379659,,,,,,
random160,random,1160,tikhonov_tuned,0.2765753787510146,0.8105440535733018,15.93443597997745,0.008874892697750016,0.17802479415997874,0.01060416700784117,26.087125627571847,,,,,,
random160,random,1160,mfi,0.2614677315674423,0.8257018867290665,13.975424859373685,0.02398047114810534,0.32143610572058545,0.05484291596803814,77.0018700221581,,,,,,
random160,random,1160,gp,0.25002216432963464,0.8031811091691903,6.987712429686843,0.029725663657994325,0.6323113547273302,0.9115344579913653,,0.6960297766749379,0.9441687344913151,0.2079916121619976,0.16553870548196392,0.20565791329168903,-177.56807984344135
random161,random,1161,tikhonov_gcv,0.23580085750226548,0.6922087677297389,4.419417382415922,0.008031455043166606,1.4024305461568666e-05,0.010304416995495558,0.11703038222379893,,,,,,
random161,random,1161,tikhonov_tuned,0.2284976167633882,0.7156249339133192,3.125,0.00406587965025744,0.18300731529000608,0.01119741698494181,25.757217797885488,,,,,,
random161,random,1161,mfi,0.2344568917065558,0.7271829349391614,3.125,0.010530815803531787,0.06264456467024633,0.05834608298027888,17.177961208787995,,,,,,
random161,random,1161,gp,0.2616203067321934,0.6612555123594965,4.419417382415922,0.050057858834472516,0.6218377251145358,0.8964597079902887,,0.7754342431761787,0.988833746898263,0.19171319337494364,0.09651439912115185,0.2679413645535768,-163.3434230044224
random162,random,1162,tikhonov_gcv,0.33985346729579163,0.58061863303863,9.375,0.05774659719332259,0.33470029009183716,0.010114333010278642,41.66966389671877,,,,,,
random162,random,1162,tikhonov_tuned,0.3387906618886872,0.5814538516734907,9.375,0.05793214244721204,0.27705668628350083,0.010152124974410981,33.42938862258992,,,,,,
random162,random,1162,mfi,0.33935474784267505,0.5874986656004226,9.375,0.07209999749366462,0.29045590015677697,0.03845158399781212,41.66982686856564,,,,,,
random162,random,1162,gp,0.3306663063111484,0.5789220634860152,6.25,0.04510632918637852,0.7567450758047136,1.0579111249535345,,0.4205955334987593,0.7903225806451613,0.1520190100823973,0.11755826611292723,0.3340969851937751,-167.3787779756982
random163,random,1163,tikhonov_gcv,0.253689690864311,0.7136045279185427,0.0,0.022870046094850157,1.1190083913237835e-05,0.010210542008280754,0.18738871951629063,,,,,,
random163,random,1163,tikhonov_tuned,0.2551455833184567,0.7339206618102505,0.0,0.015916221835889966,0.11688933539541907,0.01067737495759502,31.943329688720766,,,,,,
random163,random,1163,mfi,0.19534744981065016,0.7990624270176203,0.0,0.02345810976784967,0.03062930369331716,0.05869262496707961,18.739303631516975,,,,,,
random163,random,1163,gp,0.19863181696329174,0.7853978298771789,0.0,0.002598202286288471,0.5700708092695259,0.8913410830427893,,0.7853598014888338,0.9813895781637717,0.1769746185404698,0.14582318571718458,0.16140431167281094,-192.14970825019816
random164,random,1164,tikhonov_gcv,0.3372444343411297,0.6768947391147683,66.43841132959156,0.028918863788996513,0.4896269554946158,0.008785000012721866,75.62564605446182,,,,,,
random164,random,1164,tikhonov_tuned,0.3350760101444617,0.6775087836020034,70.84865030471647,0.032275116279027294,0.2154711104309113,0.009233041026163846,32.08201626969752,,,,,,
random164,random,1164,mfi,0.31426886496394274,0.7108873875205034,66.43841132959156,0.03428005942541734,0.37875606333833334,0.042985416017472744,75.62612859925454,,,,,,
random164,random,1164,gp,0.2932977001758186,0.7572878804907509,64.11963915213498,0.016778033983907988,0.8382747954591504,0.7681973750004545,,0.71712158808933,0.956575682382134,0.1639802503088268,0.11776359488487595,0.24320164557684934,-175.31803595080356
random165,random,1165,tikhonov_gcv,0.37509033346184,0.6495695088717086,3.125,0.0064769200926172105,1.3151144669362429e-05,0.008912582998163998,0.2372769026679282,,,,,,
random165,random,1165,tikhonov_tuned,0.3734065165019611,0.6600412432098326,0.0,0.008095940248029914,0.13780451981493325,0.009221415966749191,42.30583278501019,,,,,,
random165,random,1165,mfi,0.29363566908594657,0.7523982229542677,0.0,0.006941992309003935,0.011200966171582777,0.04929508297936991,11.013595748741905,,,,,,
random165,random,1165,gp,0.35248599363222477,0.6763293375845817,0.0,0.0005526646782827573,0.6556300590357762,0.8574898329679854,,0.6799007444168734,0.9590570719602978,0.13009258289142447,0.09259804751930822,0.17241677017452306,-187.98841480321096
random166,random,1166,tikhonov_gcv,0.47478198772475294,0.5174808964177735,29.646353064078557,0.07074969534052684,0.09089665946390865,0.008803416974842548,30.732979820187317,,,,,,
random166,random,1166,tikhonov_tuned,0.47485693623540065,0.5176526991461853,29.646353064078557,0.07069158362310399,0.11643582465906165,0.009343708981759846,37.391188552728885,,,,,,
random166,random,1166,mfi,0.4143031268095532,0.604186931368959,29.646353064078557,0.04790094695948488,0.06874739448850141,0.04935158300213516,30.733335460119232,,,,,,
random166,random,1166,gp,0.4152651951318946,0.5755165751130367,29.646353064078557,0.06840388232249708,0.7562825876944399,0.7877038340084255,,0.36352357320099254,0.6712158808933002,0.1714996475456222,0.15785838340044503,0.1557161632324438,-192.353486876513
random167,random,1167,tikhonov_gcv,0.46653425122523867,0.5076558519797492,3.125,0.08537592160740161,3.142308938033413e-05,0.008876874984707683,0.41549411142565784,,,,,,
random167,random,1167,tikhonov_tuned,0.46963524827783265,0.5296176357206088,3.125,0.08549029088470714,0.11237091528118544,0.009274874988477677,36.1335487293977,,,,,,
random167,random,1167,mfi,0.3349042245549625,0.8259130460436417,6.25,0.007157791550379052,0.04038495580916203,0.04902062501059845,41.55082792274634,,,,,,
random167,random,1167,gp,0.3892078560392775,0.5184033429764907,8.838834764831844,0.11434684817255908,0.7351725927809253,0.8306715000071563,,0.6662531017369727,0.9205955334987593,0.1678696801152295,0.12687293242644287,0.07985224784406506,-197.01620439075828
random168,random,1168,tikhonov_gcv,0.3048977587793862,0.6737696750404405,6.987712429686843,0.0289276128749712,0.10475136204618803,0.008771832974161953,27.955483445678098,,,,,,
random168,random,1168,tikhonov_tuned,0.3059072864193621,0.6743536124033035,6.987712429686843,0.030412740146587357,0.13285691370412778,0.009247416048310697,33.84593534899864,,,,,,
random168,random,1168,mfi,0.25726818302992677,0.7523981046414422,6.25,0.02981757176548234,0.2700258026540316,0.04133620799984783,88.40446874120113,,,,,,
random168,random,1168,gp,0.17652181783740886,0.8628314740757917,4.419417382415922,0.018758367154584205,0.5760140942679731,0.8077060829964466,,0.8101736972704715,0.9491315136476427,0.19180010947308193,0.1639008861948822,0.16695840172635776,-194.79804164079115
random169,random,1169,tikhonov_gcv,0.31925096075857046,0.6366465332792351,85.00919067959653,0.07758944702294947,0.01463146592260676,0.00890579097904265,10.636149578949292,,,,,,
random169,random,1169,tikhonov_tuned,0.3192759834820793,0.6415741644510919,85.00919067959653,0.07934950626720029,0.11246070866086333,0.00921029201708734,41.90748975098389,,,,,,
random169,random,1169,mfi,0.2829568482245792,0.6815264811644084,85.00919067959653,0.060333824626028563,0.018259564807704506,0.04137162497499958,15.61178935921961,,,,,,
random169,random,1169,gp,0.3400475387263588,0.6350462070778741,82.50236739027554,0.0836747745811859,0.4557483973268322,0.8686992079601623,,0.6352357320099256,0.9193548387096774,0.14888822781108516,0.10947655823664326,0.2161157973327798,-196.51730269551473
random170,random,1170,tikhonov_gcv,0.2696392236554948,0.7973701292455889,3.125,0.04227621088309159,0.2915983812742718,0.008784040983300656,45.691628097080155,,,,,,
random170,random,1170,tikhonov_tuned,0.2730665100938743,0.7871841472942865,3.125,0.03409830167882805,0.14397847265665445,0.009208500036038458,22.458245698344882,,,,,,
random170,random,1170,mfi,0.18532464345496907,0.8831296015331139,3.125,0.04093409810256628,0.4774177580048076,0.04828279197681695,144.49213191748106,,,,,,
random170,random,1170,gp,0.2492669595974811,0.7701282746061959,6.987712429686843,0.044442697734827084,0.7519831932900052,0.7471424999530427,,0.5595533498759305,0.7754342431761787,0.22560344357615758,0.21266613707822815,0.10868387941828159,-184.69142557276
random171,random,1171,tikhonov_gcv,0.31187104553749356,0.6912214346845177,4.419417382415922,0.07217049902373474,0.33942850837621924,0.008807166013866663,38.358237816696125,,,,,,
random171,random,1171,tikhonov_tuned,0.31190909496017927,0.6870276912318871,4.419417382415922,0.0708118549338396,0.2565174440804366,0.00909912504721433,28.00362398438732,,,,,,
random171,random,1171,mfi,0.28808335609158525,0.7252092887912995,4.419417382415922,0.07375465909270079,0.41401479657209855,0.04228337499080226,56.3028171447979,,,,,,
random171,random,1171,gp,0.32670376835831,0.6158245089770191,3.125,0.039241375529025506,0.780549505315497,0.848195249971468,,0.4801488833746898,0.869727047146402,0.2125418381214012,0.1474512318742921,0.306291463030712,-162.01275641580793
random172,random,1172,tikhonov_gcv,0.3830427530463659,0.6961581135583063,6.987712429686843,0.008151619876439411,0.2541267923786526,0.008755916962400079,87.31233778079951,,,,,,
random172,random,1172,tikhonov_tuned,0.3818624955097075,0.6935577540088154,6.987712429686843,0.007311506409335415,0.18981479141479538,0.009127750003244728,65.27682733206763,,,,,,
random172,random,1172,mfi,0.392464531718559,0.7024149149204851,6.987712429686843,0.003837923880361676,0.3836130490290801,0.05435804196167737,188.11086520434782,,,,,,
random172,random,1172,gp,0.3871284068578808,0.6666061773915446,3.125,0.02846968264730017,0.6762365879744862,0.9263771250261925,,0.6153846153846154,0.8870967741935484,0.1294695413803765,0.12801927022495188,0.15875308190038598,-201.03823146969586
random173,random,1173,tikhonov_gcv,0.29119086306071756,0.7419406388674985,12.88470508005519,0.03199257784082703,1.159818507329313e-05,0.00898750004125759,0.3390892600825144,,,,,,
random173,random,1173,tikhonov_tuned,0.30319610408690245,0.7414752697119001,15.93443597997745,0.03975608420032487,0.07262596966132495,0.009237916965503246,47.9399101003282,,,,,,
random173,random,1173,mfi,0.27615237252036295,0.8060833175233718,12.5,0.02007667884689557,2.9302990827656436e-06,0.05410745897097513,0.33909541839369095,,,,,,
random173,random,1173,gp,0.23009919281912608,0.7306106322494087,3.125,0.04937377191173276,0.4214168739174053,0.7891845830017701,,0.7630272952853598,0.9652605459057072,0.17547271170591408,0.15133169789527376,0.15501690801419338,-209.58464037245454
random174,random,1174,tikhonov_gcv,0.3439734384755272,0.6987268488885159,6.25,0.015477881339941508,0.3720872206536103,0.008743541955482215,61.97567202445234,,,,,,
random174,random,1174,tikhonov_tuned,0.3393283716195586,0.6944181158881381,3.125,0.014957999047899517,0.21981902262419123,0.009225832996889949,35.86395236226933,,,,,,
random174,random,1174,mfi,0.29526346607791193,0.7665100418252978,6.25,0.010559673414265669,0.35795463402173433,0.045371584012173116,90.96891066413319,,,,,,
random174,random,1174,gp,0.2886964692472567,0.7068271383869039,4.419417382415922,0.02063623377558357,0.6026652271442694,0.8827699579996988,,0.7481389578163772,0.9516129032258065,0.17394477327132435,0.11636475822147292,0.18510539174745985,-182.58008338915374
random175,random,1175,tikhonov_gcv,0.2356025671928164,0.8209328996669838,4.419417382415922,0.02275636208352074,1.6847303808296354e-05,0.009004916006233543,0.15879122447731636,,,,,,
random175,random,1175,tikhonov_tuned,0.2320577676679597,0.8398023425728316,4.419417382415922,0.029532316953147897,0.15833148152780518,0.009565750020556152,28.749210085691296,,,,,,
random175,random,1175,mfi,0.20370230903412367,0.8588256294908112,4.419417382415922,0.03492107412216176,0.12202773848124034,0.04380658298032358,34.2107699649123,,,,,,
random175,random,1175,gp,0.17321109671887042,0.8666994473677672,0.0,0.009377591803840953,0.8055167574449958,0.7883763340068981,,0.8511166253101737,0.9826302729528535,0.19860850862654614,0.15923443748081892,0.19162210661924894,-180.81485248259418
random176,random,1176,tikhonov_gcv,0.2752494267254396,0.7377466409462038,8.838834764831844,0.06461384002371531,0.1463780660252793,0.008906666014809161,30.616381612801337,,,,,,
random176,random,1176,tikhonov_tuned,0.27470960953471407,0.7363293499067087,8.838834764831844,0.06549173196287908,0.11545990264891559,0.009139375004451722,25.230048200486493,,,,,,
random176,random,1176,mfi,0.20448944170290895,0.8460788751608168,8.838834764831844,0.053925790595893155,0.30906106238358233,0.04928762500640005,96.81949425282738,,,,,,
random176,random,1176,gp,0.26185410263771547,0.7180273566296934,8.838834764831844,0.012651136389641543,0.7619940066943602,0.8219792919699103,,0.5186104218362283,0.8808933002481389,0.2213045720245087,0.18518076603834213,0.10166389507641574,-190.74755653609895
random177,random,1177,tikhonov_gcv,0.42229430854105665,0.5918892915937057,6.987712429686843,0.13461166401057256,0.0332974704021833,0.009125707962084562,8.332100947390076,,,,,,
random177,random,1177,tikhonov_tuned,0.4384680444419821,0.5839756933947983,6.987712429686843,0.15893597787836752,0.17968984519383474,0.009825750021263957,29.605740791411552,,,,,,
random177,random,1177,mfi,0.3865283722263682,0.6379034506224729,6.987712429686843,0.1430096691524846,0.11800421202797137,0.05230716697406024,26.348739104129116,,,,,,
random177,random,1177,gp,0.3888563471293706,0.6428801775158672,4.419417382415922,0.10620648133502333,0.6203402494463159,0.7755355419940315,,0.5409429280397022,0.9280397022332506,0.16661852036439675,0.12233592579440267,0.19695189864924056,-176.36006492225
random178,random,1178,tikhonov_gcv,0.2759622423841363,0.6589752250181038,11.267347735824966,0.022188544568582255,0.13154033717349675,0.008922124980017543,22.488587189604576,,,,,,
random178,random,1178,tikhonov_tuned,0.27747535672383616,0.6630145853278159,11.267347735824966,0.025857861211361504,0.22542361489997986,0.009052500012330711,35.33330814928611,,,,,,
random178,random,1178,mfi,0.25250298657490594,0.7054837190890576,6.987712429686843,0.033631202256952424,0.09154333290101996,0.04252079199068248,22.48886272886952,,,,,,
random178,random,1178,gp,0.30517830939233764,0.6153594413432124,6.25,0.015481248705555912,0.6672652126975385,0.898895625025034,,0.7866004962779156,0.967741935483871,0.17178914376471896,0.08876207628853415,0.22861277932203536,-167.79210893304503
random179,random,1179,tikhonov_gcv,0.4693023425595383,0.5244247439641972,3.125,0.19118268008066733,0.2642399639827929,0.009063082979992032,66.5252709182571,,,,,,
random179,random,1179,tikhonov_tuned,0.46843874861658635,0.5245928753355236,3.125,0.19220135885231862,0.2169764411454682,0.009390541003085673,55.5954305136801,,,,,,
random179,random,1179,mfi,0.3193918859092385,0.733361935151985,3.125,0.10487616499418556,0.13424233595934223,0.04958187503507361,66.52434625741184,,,,,,
random179,random,1179,gp,0.3777308528236653,0.6330235427029958,0.0,0.1620953249999196,0.6251848821101867,0.8278627079562284,,0.5297766749379652,0.8709677419354839,0.15244508100845325,0.13007259198858973,0.17642185566293256,-200.7879367722449
random180,random,1180,tikhonov_gcv,0.38162676548892793,0.5815893388303087,13.975424859373685,0.023384461883787906,0.2822888391887446,0.008833792002405971,30.16701071351694,,,,,,
random180,random,1180,tikhonov_tuned,0.38006155691287435,0.5832066681653322,0.0,0.02270411902695958,0.23610939245645454,0.009354083042126149,25.237754132961975,,,,,,
random180,random,1180,mfi,0.35654980910630907,0.6369913974218339,87.72293029761374,0.004963603163401566,0.24216991676322694,0.04140345903579146,30.167281499114328,,,,,,
random180,random,1180,gp,0.30647049565647816,0.717783199389494,22.09708691207961,0.031730007964257956,0.7928265830619058,0.8044079579995014,,0.4813895781637717,0.8883374689826302,0.20973933263970898,0.13787249493303816,0.29009355174029106,-162.64723393240558
random181,random,1181,tikhonov_gcv,0.3352817660208704,0.7130722209127903,8.838834764831844,0.014811446595140125,0.04784857192259634,0.00879725004779175,15.890947213214972,,,,,,
random181,random,1181,tikhonov_tuned,0.3374626057556437,0.7110456547956697,8.838834764831844,0.016251402693660287,0.09072065667255405,0.009266667009796947,25.98942238523533,,,,,,
random181,random,1181,mfi,0.27393142803983994,0.8023342903225524,3.125,0.032347716646450184,0.13029414019483943,0.04887308296747506,50.252695842459104,,,,,,
random181,random,1181,gp,0.26955899094340324,0.773287547435936,0.0,0.008225481411657638,0.4725648609505327,0.7670233329990879,,0.673697270471464,0.9354838709677419,0.2010741820272786,0.1451101492465724,0.22558569730526074,-187.96539922000528
random182,random,1182,tikhonov_gcv,0.2996755309232398,0.7041906237595627,3.125,0.02191004887196095,0.255974365612115,0.008816000015940517,35.93873876373,,,,,,
random182,random,1182,tikhonov_tuned,0.30074075492133756,0.7025484373725611,3.125,0.02407181888390899,0.17030437149265484,0.00931270804721862,25.19656436710773,,,,,,
random182,random,1182,mfi,0.2083843910856875,0.7943126050646192,4.419417382415922,0.024368252055058943,0.2666348278477433,0.05129029101226479,52.75165209630579,,,,,,
random182,random,1182,gp,0.25244397533964075,0.8073167098169814,3.125,0.04210493969410299,0.8930775720537897,0.8038334159646183,,0.7518610421836228,0.9404466501240695,0.18728193651638333,0.1327027122689894,0.23358703706065237,-173.20919533249878
random183,random,1183,tikhonov_gcv,0.23598076518692332,0.7158835231336992,16.828640022295325,0.008321904704010646,0.0008863442811129747,0.008896415994968265,0.8045118737606397,,,,,,
random183,random,1183,tikhonov_tuned,0.23007825776556035,0.7376141703573046,3.125,0.022322109415956266,0.19205119620302957,0.009418790985364467,25.02393267354722,,,,,,
random183,random,1183,mfi,0.2174978890994254,0.749017701443487,3.125,0.01352410702957294,0.04130385587088058,0.042769749998115,8.045166079693674,,,,,,
random183,random,1183,gp,0.2272091786501249,0.7871764521528725,19.764235376052373,0.005304822719426174,0.7336204647614119,0.9795198750216514,,0.6960297766749379,0.9156327543424317,0.2035732011283308,0.14902541179140058,0.30986291769590524,-164.797013544871
random184,random,1184,tikhonov_gcv,0.22830295267971273,0.7529827916447739,6.987712429686843,0.019068070880948973,0.27027597137341414,0.008755292044952512,35.03772028128152,,,,,,
random184,random,1184,tikhonov_tuned,0.22797075598191796,0.7530585159100541,6.987712429686843,0.020108424940130726,0.18193899359704757,0.009064415993634611,21.265703941677035,,,,,,
random184,random,1184,mfi,0.19246123009384758,0.8340371456236586,6.987712429686843,0.0036168662915335255,0.3742520365326272,0.049531875003594905,75.48712771393444,,,,,,
random184,random,1184,gp,0.20248908765237605,0.81918735920401,4.419417382415922,0.009183931462890113,0.5633326537783668,0.7325314590125345,,0.609181141439206,0.9466501240694789,0.23696385999962047,0.1646485703513784,0.32865770566503133,-167.30441843135452
random185,random,1185,tikhonov_gcv,0.3766411435665786,0.6514226019078513,16.828640022295325,0.0750430493580224,0.10870878015879938,0.009378333983477205,29.323464597903943,,,,,,
random185,random,1185,tikhonov_tuned,0.3779796579767462,0.6495243776138423,16.828640022295325,0.07435274624378987,0.1728735987982322,0.009601833007764071,46.333326111903396,,,,,,
random185,random,1185,mfi,0.3732603959610469,0.6413911542632131,13.975424859373685,0.07707186679265511,0.0881679592330569,0.03415170800872147,29.323646223917688,,,,,,
random185,random,1185,gp,0.2955380842817747,0.8064451314128782,4.419417382415922,0.054224214210448686,0.5084486190231128,0.8418224999913946,,0.7295285359801489,0.8883374689826302,0.16413191175138375,0.13939129376752185,0.26438994294008356,-186.90713731135634
random186,random,1186,tikhonov_gcv,0.29299003961922143,0.6985436090302316,3.125,0.0505536290906284,0.14112658182250623,0.009578374971169978,32.92902379391493,,,,,,
random186,random,1186,tikhonov_tuned,0.293690146996457,0.6993564016906442,3.125,0.05193011482568391,0.18866090849254727,0.009631375025492162,43.241402358266434,,,,,,
random186,random,1186,mfi,0.25115351181748585,0.7550620619063386,3.125,0.03957184877621309,0.22780261062947796,0.043756250001024455,70.94376628993699,,,,,,
random186,random,1186,gp,0.23051552688635468,0.8150505636445006,3.125,0.000843042550141278,0.4890897060064363,0.8265556669794023,,0.858560794044665,0.9801488833746899,0.1758682076599522,0.12800805304532847,0.22141144329514542,-185.45903036295817
random187,random,1187,tikhonov_gcv,0.2719435522003832,0.7646631542928133,4.419417382415922,0.07633681153828382,0.300906418072178,0.008750375011004508,47.93186522985537,,,,,,
random187,random,1187,tikhonov_tuned,0.2676132401672545,0.767329707332596,4.419417382415922,0.07537951375446127,0.16650238227743483,0.009300250036176294,26.069593357113302,,,,,,
random187,random,1187,mfi,0.2377258338351631,0.8323517285215696,4.419417382415922,0.05995775483467476,0.26819304299362945,0.04996762500377372,70.3546541931826,,,,,,
random187,random,1187,gp,0.22880520828037568,0.7740007890751776,4.419417382415922,0.047683301951475666,0.6079910674793427,0.7375328749767505,,0.6364764267990074,0.9416873449131513,0.2115291702527897,0.16135457212318738,0.17609345198737247,-184.79906447240745
random188,random,1188,tikhonov_gcv,0.5480505417144147,0.3795682310281786,19.764235376052373,0.011714220807992467,0.5240013929130232,0.008952667005360126,158.8199313823536,,,,,,
random188,random,1188,tikhonov_tuned,0.5384591565206481,0.3878294191758165,19.764235376052373,0.007308651698218284,0.24355629763016592,0.009484583046287298,54.66369807646154,,,,,,
random188,random,1188,mfi,0.5095671533206076,0.5140023599838796,19.764235376052373,0.02685197428713861,0.5823588287544695,0.05115366698009893,342.1866365026047,,,,,,
random188,random,1188,gp,0.4282253442511299,0.4964593292891499,13.258252147247765,0.03695193902482847,0.6934029123810355,0.7655503749847412,,0.3027295285359802,0.5930521091811415,0.15548073977597557,0.1696002151114101,0.14023193992429517,-198.57811228748977
random189,random,1189,tikhonov_gcv,0.3137507678137205,0.6542698681469928,6.987712429686843,0.027886928128096226,0.15802196410407576,0.009406958997715265,17.375088699854352,,,,,,
random189,random,1189,tikhonov_tuned,0.3137523454569389,0.654246630838355,6.987712429686843,0.02823029502452341,0.16277631577687277,0.010060040978714824,17.850225959155715,,,,,,
random189,random,1189,mfi,0.31497947432318785,0.6622396835558858,6.987712429686843,0.054188915029913895,1.1036922553970792e-05,0.05117408401565626,0.08064860478178153,,,,,,
random189,random,1189,gp,0.3352118640833056,0.6806266881027316,3.125,2.3981702002409453e-05,0.7421052423686059,1.0723126250086352,,0.5148883374689827,0.8610421836228288,0.2653643773930801,0.15787829607590184,0.291495393057135,-159.08277215431178
random190,random,1190,tikhonov_gcv,0.3080697285744253,0.6793939836219356,55.37514108334172,0.012434343899748113,0.23022600293971365,0.01509154203813523,26.664216339170306,,,,,,
random190,random,1190,tikhonov_tuned,0.30766879357891325,0.6800686180722919,55.37514108334172,0.012764371350856334,0.19392903981534157,0.01169912499608472,22.56959695479177,,,,,,
random190,random,1190,mfi,0.28747489717314173,0.7278130939808547,55.37514108334172,0.02552608743303094,0.16036019144961633,0.0617774169659242,26.664113977884167,,,,,,
random190,random,1190,gp,0.2865742504538272,0.7140549197548957,56.336738679124835,0.02809561801651583,0.6379064364209245,0.932560957968235,,0.6550868486352357,0.8883374689826302,0.20182542663545508,0.14522624101720633,0.30724482793814034,-169.0371500000175
random191,random,1191,tikhonov_gcv,0.29860083334193155,0.6137856707443946,60.676524496711245,0.06198981086557615,5.166960192592544e-06,0.012652458040975034,0.06679674329316457,,,,,,
random191,random,1191,tikhonov_tuned,0.30262099972686546,0.6180342102618906,60.676524496711245,0.07015609120540008,0.13357346895763944,0.011850500013679266,21.269922286367436,,,,,,
random191,random,1191,mfi,0.29575129718476223,0.6223992729423973,60.676524496711245,0.06359239709341144,4.235855774531221e-06,0.06625158298993483,0.06679650031240493,,,,,,
random191,random,1191,gp,0.22773342682997846,0.7638860054373332,51.53882032022076,0.008615245656848137,0.5219774617658816,1.2324110839981586,,0.6451612903225806,0.9292803970223326,0.2564002825165158,0.16485153023256957,0.3058680521720418,-165.89928812592683
random192,random,1192,tikhonov_gcv,0.3318567927330247,0.6149602892179741,84.43285053816435,0.02588904284794545,0.20160159692011376,0.011136999994050711,29.137870756260167,,,,,,
random192,random,1192,tikhonov_tuned,0.3309460102613417,0.6172975170182824,84.43285053816435,0.025089742120727065,0.24417387821124936,0.011201000015717,34.64769834718341,,,,,,
random192,random,1192,mfi,0.3279308642002343,0.6156067614223967,12.5,0.021115812410183545,0.05652060380935948,0.04113412502920255,13.524653237685003,,,,,,
random192,random,1192,gp,0.3571761447564321,0.5896286968532041,87.55578578826187,0.022578894526599138,0.6507084863803375,1.2394521670066752,,0.5595533498759305,0.9354838709677419,0.1417112560515966,0.08229938519611643,0.27530422811703087,-172.47531537637292
random193,random,1193,tikhonov_gcv,0.44133725283425534,0.5846768810813637,4.419417382415922,0.06280553013551732,0.37864743868924033,0.010123499960172921,118.21255382266342,,,,,,
random193,random,1193,tikhonov_tuned,0.4396011966211608,0.580471260181156,4.419417382415922,0.05869213329818062,0.18367831340086763,0.010287250042892992,51.25908124045721,,,,,,
random193,random,1193,mfi,0.34268510864887347,0.7287641655455348,4.419417382415922,0.03495005430296909,0.5463347547072258,0.05759512499207631,254.68566181973176,,,,,,
random193,random,1193,gp,0.40787232023355396,0.6129143709322773,6.987712429686843,0.08065908344884162,0.8748316108731541,0.8143104999908246,,0.3064516129032258,0.5558312655086849,0.14408098682123582,0.18595996632428047,0.11337943281778126,-201.93719513355722
random194,random,1194,tikhonov_gcv,0.5173219329170606,0.550333416173344,12.88470508005519,0.030431131318299925,0.06879445282388451,0.010429333022329956,26.406254039389427,,,,,,
random194,random,1194,tikhonov_tuned,0.5157466934825826,0.5537890308312262,12.88470508005519,0.030064833813028574,0.14664844064374036,0.0106305000372231,48.184812026557,,,,,,
random194,random,1194,mfi,0.44256238470791687,0.6359578084188713,3.125,0.012982004275173166,0.3081940292221781,0.06255729199619964,122.56921202389867,,,,,,
random194,random,1194,gp,0.4630852907591582,0.6006345533712181,11.267347735824966,0.03405993022339031,0.8429795239842753,0.8626750420080498,,0.32878411910669975,0.6538461538461539,0.16410643002443878,0.18348427052045774,0.1281643226628925,-199.84181911643265
random195,random,1195,tikhonov_gcv,0.34729750135724236,0.6935804186364396,3.125,0.039304539290135755,0.050558806633573566,0.010204707970842719,18.35012731051994,,,,,,
random195,random,1195,tikhonov_tuned,0.34564582537405536,0.7039028875992979,4.419417382415922,0.03622213741595518,0.11106101848524472,0.010603458038531244,33.7387484257673,,,,,,
random195,random,1195,mfi,0.28705861021180884,0.7843797808214912,4.419417382415922,0.023763495308237768,0.07567957613688114,0.05710387497674674,39.53530220126621,,,,,,
random195,random,1195,gp,0.3167151004065824,0.6824955230889238,3.125,0.03446911439086,0.584806228782912,0.8028500000364147,,0.5359801488833746,0.8598014888337469,0.1655772317599317,0.15105806602220725,0.17049800985532643,-194.41864989011918
random196,random,1196,tikhonov_gcv,0.47454876680474495,0.49046272594251933,47.80330793993236,0.019872174895031666,1.0327107361952942e-05,0.009836875018663704,0.11369762740032906,,,,,,
random196,random,1196,tikhonov_tuned,0.46168344485531754,0.5156265169798304,44.19417382415922,0.006443031127130304,0.18453954732189665,0.010202875011600554,40.39355171209508,,,,,,
random196,random,1196,mfi,0.468775209475307,0.513851476925636,47.80330793993236,0.012622387724084538,3.6713453123932485e-06,0.05748974997550249,0.11369965561133906,,,,,,
random196,random,1196,gp,0.48921546249403025,0.4506109138213273,37.62998305872593,0.032669589107559016,0.4552245510880929,0.8551480839960277,,0.3560794044665012,0.641439205955335,0.15903865809123718,0.13596901600224906,0.2586623681339038,-185.3178841615932
random197,random,1197,tikhonov_gcv,0.29599454398086555,0.7327555623079854,6.987712429686843,0.06000924460737511,0.09620406314881969,0.010164166975300759,22.467426954308586,,,,,,
random197,random,1197,tikhonov_tuned,0.29682157955968713,0.7328615772504646,6.987712429686843,0.06032599183335641,0.14037842692224203,0.011688790982589126,31.09665466755691,,,,,,
random197,random,1197,mfi,0.2713058712118371,0.7801226368424179,6.987712429686843,0.0490984512930928,0.10457166765617486,0.06087437499081716,32.978125203210155,,,,,,
random197,random,1197,gp,0.27472961777563776,0.7477058322677166,4.419417382415922,0.07077291534208657,0.6397800259403426,0.9128001249628142,,0.6116625310173698,0.9416873449131513,0.18227961466435086,0.12610403793948852,0.22411044960761428,-178.06055782083433
random198,random,1198,tikhonov_gcv,0.4136155728812486,0.5684203869431326,4.419417382415922,0.07760113415812415,0.4852825985434893,0.012168874964118004,62.99460146500515,,,,,,
random198,random,1198,tikhonov_tuned,0.4144682369348107,0.564043886793568,4.419417382415922,0.08001357773591368,0.24822239815027883,0.012279167014639825,31.05200924158572,,,,,,
random198,random,1198,mfi,0.36315234792565065,0.6412008030461328,4.419417382415922,0.07664707119415409,0.536029439381712,0.054248500033281744,92.46471021249558,,,,,,
random198,random,1198,gp,0.3992612797602187,0.5954939275274463,0.0,0.06877470417094217,0.9794737004479273,1.0056970410514623,,0.45409429280397023,0.8089330024813896,0.14473524499244272,0.11717490217336307,0.2256217749320328,-169.6831362910297
random199,random,1199,tikhonov_gcv,0.30764400655611496,0.6400762595794943,46.140072063229375,0.08927808071556219,0.307828619675798,0.012819209019653499,28.23813099889575,,,,,,
random199,random,1199,tikhonov_tuned,0.3067912490416205,0.6421491224480322,46.140072063229375,0.08578865085285442,0.21615261858810209,0.012351208017207682,18.576316478089442,,,,,,
random199,random,1199,mfi,0.30446500259199105,0.6455097053188472,46.140072063229375,0.09235398659414099,0.26494230278387954,0.05389958299929276,28.238422790247597,,,,,,
random199,random,1199,gp,0.28078461458900916,0.7287473592482414,40.745015032516555,0.03740314764973101,0.590259383942096,1.057219541980885,,0.5942928039702233,0.8870967741935484,0.2709127777764716,0.15804605584468043,0.3804622042875813,-157.79527098047606
